Year,Month,Day,Precip_mm,Runoff_mm,Evap_mm,Transpiration_mm,SoilWater_mm,Recharge_mm,Tmax_C,Tmin_C,del_O,del_H,RelHum
2009,1,1,0,0,0,0,73.13,0,0,-13.33333333,-15.40295416,-104.0103539,0.666
2009,1,2,0,0,0,0,73.13,0,-2.222222222,-13.88888889,-15.40295416,-104.0103539,0.666
2009,1,3,0,0,0,0,73.13,0,3.333333333,-8.888888889,-15.40295416,-104.0103539,0.666
2009,1,4,0,0,0,0,73.13,0,0.555555556,-11.11111111,-15.40295416,-104.0103539,0.666
2009,1,5,0.1,0,0,0,73.23,0,5,-10,-15.40295416,-104.0103539,0.666
2009,1,6,8.3,0,0,0,81.53,0,1.666666667,-6.111111111,-15.40295416,-104.0103539,0.666
2009,1,7,0,0,0,0,81.53,0,-1.111111111,-6.111111111,-15.40295416,-104.0103539,0.666
2009,1,8,6.11,0,0,0,87.64,0,1.111111111,-5.555555556,-15.40295416,-104.0103539,0.666
2009,1,9,0,0,0,0,87.64,0,-5,-7.777777778,-15.40295416,-104.0103539,0.666
2009,1,10,0,0,0,0,87.64,0,-5,-8.333333333,-15.40295416,-104.0103539,0.666
2009,1,11,0,0,0,0,87.64,0,-2.222222222,-6.666666667,-15.40295416,-104.0103539,0.666
2009,1,12,0,0,0,0,87.64,0,-5,-9.444444444,-15.40295416,-104.0103539,0.666
2009,1,13,0,0,0,0,87.64,0,-3.888888889,-8.888888889,-14.61806981,-126.951623,0.666
2009,1,14,1.34,0,0,0,88.97,0,-0.555555556,-17.22222222,-13.01500299,-109.3546268,0.666
2009,1,15,0,0,0,0,88.97,0,-10,-18.33333333,-13.01500299,-109.3546268,0.666
2009,1,16,0,0,0,0,88.97,0,-10,-21.11111111,-13.01500299,-109.3546268,0.666
2009,1,17,0,0,0,0,88.97,0,-15.55555556,-22.77777778,-13.01500299,-109.3546268,0.666
2009,1,18,0,0,0,0,88.97,0,-8.333333333,-25,-13.01500299,-109.3546268,0.666
2009,1,19,0,0,0,0,88.97,0,-5,-10.55555556,-13.01500299,-109.3546268,0.666
2009,1,20,0,0,0,0,88.97,0,-6.111111111,-14.44444444,-13.01500299,-109.3546268,0.666
2009,1,21,0,0,0,0,88.97,0,-6.111111111,-17.77777778,-13.01500299,-109.3546268,0.666
2009,1,22,0,0,0,0,88.97,0,-6.666666667,-17.77777778,-13.01500299,-109.3546268,0.666
2009,1,23,8.83,0,0,0,97.5,0.3,1.666666667,-7.222222222,-13.01500299,-109.3546268,0.666
2009,1,24,13.86,0.82,0.17,0.11,97.5,12.77,10,-5.555555556,-16.1734,-150.2777467,0.666
2009,1,25,0,0,0,0,97.5,0,-5.555555556,-17.77777778,-16.1734,-150.2777467,0.666
2009,1,26,0.19,0,0,0,97.5,0.19,-8.888888889,-15.55555556,-16.1734,-150.2777467,0.666
2009,1,27,0,0,0,0,97.5,0,-5,-12.77777778,-16.1734,-150.2777467,0.666
2009,1,28,0,0,0,0,97.5,0,-5.555555556,-8.888888889,-16.1734,-150.2777467,0.666
2009,1,29,1.52,0,0,0,97.5,1.52,0,-10.55555556,-16.1734,-150.2777467,0.666
2009,1,30,0,0,0,0,97.5,0,-3.888888889,-10.55555556,-16.1734,-150.2777467,0.666
2009,1,31,0,0,0,0,97.5,0,-3.333333333,-13.33333333,-16.1734,-150.2777467,0.666
2009,2,1,6.29,0,0,0,97.5,6.29,1.111111111,-13.88888889,-16.1734,-150.2777467,0.666
2009,2,2,7.53,0.03,0.1,0.06,97.5,7.34,7.222222222,-2.222222222,-16.1734,-150.2777467,0.666
2009,2,3,0.67,0,0,0,97.5,0.67,2.222222222,-10,-16.1734,-150.2777467,0.666
2009,2,4,0.29,0,0,0,97.5,0.29,0,-11.11111111,-16.1734,-150.2777467,0.666
2009,2,5,0,0,0,0,97.5,0,-5.555555556,-19.44444444,-16.1734,-150.2777467,0.666
2009,2,6,0,0,0,0,97.5,0,-9.444444444,-19.44444444,-16.1734,-150.2777467,0.666
2009,2,7,0,0,0,0,97.5,0,3.333333333,-11.66666667,-16.1734,-150.2777467,0.666
2009,2,8,0,0,0.36,0.23,96.91,0,11.66666667,2.777777778,-16.1734,-150.2777467,0.666
2009,2,9,0,0,0.12,0.08,96.71,0,6.666666667,-6.111111111,-16.1734,-150.2777467,0.666
2009,2,10,1.58,0,0.13,0.09,97.5,0.58,6.666666667,-5,-16.1734,-150.2777467,0.666
2009,2,11,2.58,0,0.29,0.19,97.5,2.1,10,3.888888889,-16.1734,-150.2777467,0.666
2009,2,12,0,0,0.68,0.45,96.38,0,16.11111111,2.777777778,-16.1734,-150.2777467,0.666
2009,2,13,0.03,0,0.07,0.05,96.3,0,4.444444444,-1.111111111,-3.366168164,-20.9136224,0.666
2009,2,14,1.12,0,0,0,97.42,0,1.111111111,-3.333333333,-3.366168164,-20.9136224,0.666
2009,2,15,0,0,0,0,97.42,0,-0.555555556,-13.33333333,-3.366168164,-20.9136224,0.666
2009,2,16,0,0,0,0,97.42,0,1.111111111,-7.777777778,-3.366168164,-20.9136224,0.666
2009,2,17,0,0,0,0,97.42,0,0,-12.77777778,-6.080275025,-25.44610286,0.666
2009,2,18,6.3,0,0.04,0.02,97.5,6.16,2.222222222,-11.11111111,-6.080275025,-25.44610286,0.666
2009,2,19,1.34,0,0.08,0.05,97.5,1.21,3.333333333,-2.777777778,-6.080275025,-25.44610286,0.666
2009,2,20,0.07,0,0,0,97.5,0.07,-0.555555556,-12.22222222,-6.080275025,-25.44610286,0.666
2009,2,21,0,0,0,0,97.5,0,-5.555555556,-13.33333333,-14.53896389,-103.4612624,0.666
2009,2,22,1.02,0,0.03,0.02,97.5,0.96,1.111111111,-13.88888889,-14.53896389,-103.4612624,0.666
2009,2,23,0,0,0,0,97.5,0,-2.222222222,-8.888888889,-14.53896389,-103.4612624,0.666
2009,2,24,0,0,0,0,97.5,0,-5,-14.44444444,-14.53896389,-103.4612624,0.666
2009,2,25,0.41,0,0,0,97.5,0.41,-1.111111111,-13.88888889,-14.53896389,-103.4612624,0.666
2009,2,26,0.15,0,0.23,0.15,97.26,0,6.111111111,-11.66666667,-2.64866306,-3.271616288,0.666
2009,2,27,7.45,0.01,0.49,0.32,97.5,6.39,11.11111111,4.444444444,-2.64866306,-3.271616288,0.666
2009,2,28,0,0,0.47,0.31,96.72,0,10.55555556,-6.111111111,-2.64866306,-3.271616288,0.666
2009,3,1,0,0,0.13,0.09,96.5,0,2.777777778,-6.111111111,-2.64866306,-3.271616288,0.666
2009,3,2,0,0,0.17,0.12,96.21,0,3.888888889,-10.55555556,-2.64866306,-3.271616288,0.666
2009,3,3,0,0,0,0,96.21,0,-5,-16.66666667,-2.64866306,-3.271616288,0.666
2009,3,4,0.02,0,0,0,96.23,0,-3.333333333,-16.66666667,-2.64866306,-3.271616288,0.666
2009,3,5,0.07,0,0.14,0.09,96.06,0,2.222222222,-15.55555556,-2.64866306,-3.271616288,0.666
2009,3,6,0,0,0.53,0.35,95.21,0,10.55555556,-10.55555556,-2.64866306,-3.271616288,0.666
2009,3,7,0.05,0,1.12,0.77,93.43,0,18.88888889,8.888888889,-7.709501022,-44.6345099,0.666
2009,3,8,12.55,0.16,1.1,0.81,97.5,6.41,20,11.11111111,-7.709501022,-44.6345099,0.666
2009,3,9,0.94,0,0.63,0.41,97.4,0,11.66666667,6.666666667,-7.709501022,-44.6345099,0.666
2009,3,10,0.69,0,0.36,0.24,97.49,0,6.666666667,-0.555555556,-7.709501022,-44.6345099,0.666
2009,3,11,0.24,0,0.43,0.28,97.03,0,7.777777778,0,-7.709501022,-44.6345099,0.666
2009,3,12,0,0,1.08,0.72,95.25,0,17.22222222,-5,-7.709501022,-44.6345099,0.666
2009,3,13,0,0,0.16,0.11,94.99,0,1.111111111,-8.888888889,-7.709501022,-44.6345099,0.666
2009,3,14,0,0,0.32,0.23,94.46,0,5.555555556,-7.777777778,-7.709501022,-44.6345099,0.666
2009,3,15,0,0,0.52,0.39,93.58,0,10,-4.444444444,-7.709501022,-44.6345099,0.666
2009,3,16,7.75,0,0.64,0.5,97.5,2.7,12.77777778,1.666666667,-7.709501022,-44.6345099,0.666
2009,3,17,0.04,0,0.58,0.38,96.59,0,9.444444444,2.777777778,-7.709501022,-44.6345099,0.666
2009,3,18,0,0,0.73,0.5,95.38,0,12.22222222,2.777777778,-7.709501022,-44.6345099,0.666
2009,3,19,0.04,0,1.45,1.04,93.03,0,21.66666667,2.777777778,-7.709501022,-44.6345099,0.666
2009,3,20,0.04,0,0.67,0.54,91.91,0,12.77777778,-6.111111111,-7.709501022,-44.6345099,0.666
2009,3,21,0,0,0.32,0.27,91.36,0,5.555555556,-10,-7.709501022,-44.6345099,0.666
2009,3,22,0,0,0.35,0.31,90.74,0,6.666666667,-7.777777778,-7.709501022,-44.6345099,0.666
2009,3,23,0,0,0.54,0.5,89.78,0,11.66666667,-9.444444444,-7.709501022,-44.6345099,0.666
2009,3,24,0.03,0,0.39,0.38,89.1,0,8.333333333,-10,-7.709501022,-44.6345099,0.666
2009,3,25,0.02,0,0.34,0.35,88.49,0,7.222222222,-7.777777778,-7.709501022,-44.6345099,0.666
2009,3,26,12.15,0.1,0.35,0.37,97.5,2.31,7.777777778,1.111111111,-7.709501022,-44.6345099,0.666
2009,3,27,0.41,0,0.41,0.27,97.23,0,4.444444444,1.666666667,-13.36398754,-101.7957064,0.666
2009,3,28,0.27,0,0.88,0.59,96.04,0,12.77777778,2.222222222,-7.113416886,-40.80615704,0.666
2009,3,29,6.98,0,0.71,0.5,97.5,4.31,10.55555556,7.222222222,-7.113416886,-40.80615704,0.666
2009,3,30,0.59,0,0.76,0.5,96.84,0,10,-1.111111111,-7.113416886,-40.80615704,0.666
2009,3,31,0,0,0.33,0.24,96.28,0,2.222222222,-2.222222222,-6.535564555,-30.75108905,0.666
2009,4,1,7.18,0,0.91,0.73,97.5,4.31,13.88888889,-2.222222222,-6.535564555,-30.75108905,0.767646296
2009,4,2,0.26,0,0.6,0.49,96.67,0,8.333333333,-1.111111111,-6.535564555,-30.75108905,0.903086111
2009,4,3,18.16,1.28,1.08,1,97.5,13.96,16.66666667,-0.555555556,-6.535564555,-30.75108905,0.745529167
2009,4,4,0,0,0.85,0.82,95.84,0,13.88888889,0.555555556,-6.535564555,-30.75108905,0.709821528
2009,4,5,0,0,0.48,0.55,94.84,0,7.777777778,-2.222222222,-4.726673312,-19.46469232,0.483216667
2009,4,6,6.39,0,0.92,1.18,97.5,1.63,17.77777778,0.555555556,-4.726673312,-19.46469232,0.47344375
2009,4,7,0.1,0,0.74,0.91,95.96,0,12.77777778,-3.333333333,-4.726673312,-19.46469232,0.629492361
2009,4,8,0.02,0,0.29,0.42,95.29,0,3.333333333,-3.333333333,-4.726673312,-19.46469232,0.586538194
2009,4,9,0,0,0.44,0.71,94.16,0,8.888888889,-3.888888889,-3.939552041,-26.42766343,0.369240278
2009,4,10,1.85,0,0.58,1.07,94.37,0,13.33333333,-0.555555556,-3.939552041,-26.42766343,0.387836111
2009,4,11,2.04,0,0.48,0.82,95.11,0,10,1.666666667,-3.939552041,-26.42766343,0.749702778
2009,4,12,0,0,0.53,0.99,93.64,0,11.66666667,-3.888888889,-3.939552041,-26.42766343,0.354716667
2009,4,13,4.84,0,0.4,0.87,97.21,0,9.444444444,-6.666666667,-3.939552041,-26.42766343,0.302216667
2009,4,14,7.98,0.01,0.47,0.97,97.5,6.25,10.55555556,-2.222222222,-3.939552041,-26.42766343,0.637841667
2009,4,15,11.4,0.3,0.27,0.69,97.5,10.14,5.555555556,3.333333333,-3.939552041,-26.42766343,0.902583333
2009,4,16,0.02,0,0.27,0.78,96.47,0,6.666666667,-2.222222222,-3.939552041,-26.42766343,0.857319444
2009,4,17,0,0,0.52,1.77,94.24,0,17.77777778,-2.777777778,-3.939552041,-26.42766343,0.262002083
2009,4,18,0,0,0.48,2.06,91.82,0,20,0.555555556,-3.939552041,-26.42766343,0.224226389
2009,4,19,0.33,0,0.44,2.44,89.44,0,22.22222222,7.222222222,-3.939552041,-26.42766343,0.265697222
2009,4,20,12.29,0.04,0.27,2.07,97.5,1.85,18.88888889,2.777777778,-8.82,-60.41,0.571767361
2009,4,21,2.05,0,0.16,0.97,97.5,0.92,6.666666667,1.666666667,-9.88,-88.18,0.912788889
2009,4,22,0.23,0,0.22,1.62,95.9,0,13.88888889,1.666666667,-9.88,-88.18,0.758777778
2009,4,23,1.44,0,0.12,1.2,96.02,0,8.888888889,0,5.2,6.67,0.618688889
2009,4,24,0.3,0,0.12,1.51,94.73,0,11.66666667,-0.555555556,5.2,6.67,0.498315972
2009,4,25,0,0,0.14,2.98,91.74,0,22.77777778,10,5.2,6.67,0.413018056
2009,4,26,0,0,0.08,4.02,87.96,0,28.33333333,10.55555556,5.2,6.67,0.305199306
2009,4,27,0,0,0,4.4,84.08,0,30,12.77777778,-1.87,-3.91,0.330305556
2009,4,28,0,0,0,4.5,80.29,0,30.55555556,17.77777778,-1.87,-3.91,0.2858625
2009,4,29,0.02,0,0,4,77.08,0,27.77777778,3.888888889,-1.87,-3.91,0.599491667
2009,4,30,1.4,0,0,2.4,76.29,0,17.77777778,6.111111111,-1.87,-3.91,0.571866667
2009,5,1,8.47,0,0,2.1,82.66,0,15.55555556,8.888888889,-1.87,-3.91,0.865268056
2009,5,2,0.69,0,0,3,80.72,0,21.66666667,7.777777778,-1.87,-3.91,0.722502778
2009,5,3,2.65,0,0,2.2,81.17,0,16.11111111,4.444444444,-1.87,-3.91,0.631132639
2009,5,4,15,0.06,0,2,94.12,0,14.44444444,6.111111111,-1.87,-3.91,0.861579167
2009,5,5,8.55,0,0,1.5,97.5,3.67,10,6.666666667,-1.87,-3.91,0.845795833
2009,5,6,13.76,0.52,0,1.8,97.5,11.44,12.22222222,7.777777778,-1.87,-3.91,0.894197222
2009,5,7,0.22,0,0,2.3,95.44,0,16.66666667,10,-9.7,-74.3,0.811602778
2009,5,8,2.36,0,0,2.9,94.91,0,20.55555556,8.888888889,-9.7,-74.3,0.690801389
2009,5,9,0.09,0,0,3.2,91.94,0,22.22222222,12.77777778,-9.7,-74.3,0.8314875
2009,5,10,0,0,0,3.3,88.88,0,22.77777778,6.111111111,-9.7,-74.3,0.548403472
2009,5,11,0.34,0,0,2.1,87.29,0,14.44444444,1.666666667,-9.7,-74.3,0.592415278
2009,5,12,0,0,0,2.3,85.25,0,16.11111111,-0.555555556,-9.7,-74.3,0.617588889
2009,5,13,0.31,0,0,2.4,83.44,0,17.22222222,1.111111111,-2.97,-7.5,0.479736806
2009,5,14,16.19,0.12,0,2.8,96.72,0,19.44444444,8.333333333,-2.97,-7.5,0.599629861
2009,5,15,0,0,0,2.9,93.88,0,20,7.777777778,-1.36,-6.38,0.903800694
2009,5,16,19.1,0.92,0,3.4,97.5,11.17,23.33333333,9.444444444,-1.36,-6.38,0.606265278
2009,5,17,0.02,0,0,3.9,93.7,0,26.11111111,5.555555556,-1.36,-6.38,0.731908333
2009,5,18,0,0,0,2.1,91.7,0,13.88888889,-2.222222222,-1.36,-6.38,0.321584028
2009,5,19,0.02,0,0,2.3,89.58,0,15.55555556,-2.222222222,-1.36,-6.38,0.422892361
2009,5,20,0,0,0,3.4,86.51,0,22.77777778,3.888888889,-1.36,-6.38,0.418125694
2009,5,21,0,0,0,4,83.03,0,26.66666667,9.444444444,-1.36,-6.38,0.387685417
2009,5,22,0,0,0,4.4,79.37,0,28.33333333,9.444444444,-1.36,-6.38,0.489397222
2009,5,23,0.98,0,0,4.1,76.87,0,26.66666667,10.55555556,-1.36,-6.38,0.583420833
2009,5,24,4.36,0,0,4.1,77.13,0,26.66666667,11.11111111,-1.36,-6.38,0.767610417
2009,5,25,0,0,0,4.3,73.8,0,27.77777778,11.11111111,-1.36,-6.38,0.771229167
2009,5,26,5.92,0,0,4,75.72,0,26.11111111,9.444444444,-1.36,-6.38,0.530202778
2009,5,27,1.88,0,0,1.7,75.9,0,10,8.888888889,-3.07,-13.74,0.933979167
2009,5,28,18.21,0.1,0,2.6,91.41,0,17.77777778,9.444444444,-3.07,-13.74,0.921923611
2009,5,29,0.03,0,0,3.4,88.3,0,22.77777778,15.55555556,-3.07,-13.74,0.907244444
2009,5,30,0.05,0,0,2.7,85.94,0,18.33333333,11.11111111,-3.07,-13.74,0.748460417
2009,5,31,0.01,0,0,3.1,83.26,0,20.55555556,7.222222222,-3.07,-13.74,0.540416667
2009,6,1,0.03,0,0,2.9,80.84,0,19.44444444,0.555555556,-3.07,-13.74,0.444148611
2009,6,2,5.62,0,0,3.5,82.96,0,23.33333333,10,-3.07,-13.74,0.668810417
2009,6,3,14.48,0.01,0,3.4,94.03,0,22.77777778,13.88888889,-4.55,-28.77,0.823180556
2009,6,4,0.02,0,0,2.2,91.95,0,14.44444444,9.444444444,-4.33,-24.41,0.895621528
2009,6,5,6.64,0,0,2.6,95.99,0,17.22222222,11.11111111,-4.33,-24.41,0.8138625
2009,6,6,0.02,0,0,2.1,93.96,0,13.33333333,11.11111111,-4.33,-24.41,0.87318125
2009,6,7,0,0,0,3.6,90.56,0,23.88888889,8.888888889,-0.22,6.87,0.632905556
2009,6,8,11.88,0,0,4.1,97.5,0.84,26.66666667,13.88888889,-4.23,-21.46,0.635999306
2009,6,9,8.02,0,0,3.8,97.5,4.22,25,17.22222222,-2.15,-7.94,0.829278472
2009,6,10,0.57,0,0,4.4,93.74,0,27.77777778,11.66666667,-2.81,-13.2,0.759485417
2009,6,11,10.3,0,0,3.7,97.5,2.84,23.88888889,14.44444444,-2.81,-13.2,0.85896875
2009,6,12,4.05,0,0,3.3,97.5,0.75,21.66666667,16.66666667,-2.81,-13.2,0.882395139
2009,6,13,0.08,0,0,3.7,93.95,0,23.88888889,13.33333333,-2.81,-13.2,0.788261806
2009,6,14,0.15,0,0,3.7,90.59,0,23.88888889,6.111111111,-2.81,-13.2,0.595291667
2009,6,15,0,0,0,3.9,87.04,0,25,7.777777778,-3.97,-22.28,0.5912
2009,6,16,0,0,0,4,83.54,0,25.55555556,7.222222222,-6.76,-39.95,0.581085417
2009,6,17,20.58,0.5,0,3.2,97.5,2.92,21.11111111,11.66666667,-6.76,-39.95,0.825115278
2009,6,18,2.69,0,0,2.5,97.5,0.19,16.11111111,12.77777778,-6.76,-39.95,0.939388889
2009,6,19,1.59,0,0,3,96.1,0,20,13.88888889,-6.76,-39.95,0.753577778
2009,6,20,38.74,8.43,0,3.7,97.5,25.21,23.88888889,15,-6.76,-39.95,0.820572917
2009,6,21,2.51,0,0,3.6,96.42,0,23.33333333,15,-6.76,-39.95,0.776875
2009,6,22,0,0,0,3.4,93.11,0,22.22222222,12.22222222,-6.76,-39.95,0.713970139
2009,6,23,0,0,0,4.1,89.28,0,26.11111111,9.444444444,-6.76,-39.95,0.601347222
2009,6,24,0,0,0,4.2,85.51,0,26.66666667,9.444444444,-6.76,-39.95,0.582116667
2009,6,25,0.01,0,0,4.5,81.66,0,28.33333333,12.22222222,-6.76,-39.95,0.563375
2009,6,26,1.59,0,0,4.8,79.02,0,30,16.11111111,-6.76,-39.95,0.697015972
2009,6,27,0,0,0,3.9,75.92,0,25.55555556,10.55555556,-6.76,-39.95,0.686022917
2009,6,28,4.29,0,0,3.9,76.31,0,25.55555556,11.66666667,-1.9,-25.65,0.680098611
2009,6,29,0.45,0,0,3.1,74.27,0,20.55555556,11.66666667,-4.2,-32.01,0.847292361
2009,6,30,13.34,0,0,3.7,83.91,0,24.44444444,14.44444444,-9.58,-69.03,0.746095833
2009,7,1,7.76,0,0,3.3,88.37,0,21.66666667,11.11111111,-8.87,-68.73,0.8393
2009,7,2,2.6,0,0,3.4,87.64,0,22.77777778,13.88888889,-8.87,-68.73,0.846415278
2009,7,3,0,0,0,2.9,85.07,0,19.44444444,13.88888889,-8.87,-68.73,0.823468056
2009,7,4,0,0,0,3.2,82.33,0,21.11111111,13.33333333,-8.87,-68.73,0.716933333
2009,7,5,0,0,0,3.3,79.59,0,22.22222222,6.666666667,-8.87,-68.73,0.619788889
2009,7,6,0,0,0,3.5,76.78,0,23.33333333,8.333333333,-8.87,-68.73,0.628176389
2009,7,7,0,0,0,3.9,73.77,0,25.55555556,9.444444444,-8.87,-68.73,0.553968056
2009,7,8,0,0,0,3.8,70.95,0,25,6.111111111,-8.87,-68.73,0.548602778
2009,7,9,0,0,0,3.3,68.59,0,22.22222222,7.777777778,-8.87,-68.73,0.665651389
2009,7,10,0,0,0,3.7,66.04,0,24.44444444,11.11111111,-8.87,-68.73,0.6586
2009,7,11,14,0,0,3.6,76.44,0,23.88888889,16.66666667,-8.87,-68.73,0.697623611
2009,7,12,0,0,0,4,73.36,0,26.11111111,14.44444444,-8.87,-68.73,0.776275
2009,7,13,0,0,0,3.6,70.7,0,23.88888889,9.444444444,-8.87,-68.73,0.576920833
2009,7,14,0,0,0.34,3.25,68.14,0,23.33333333,5,-8.87,-68.73,0.492477083
2009,7,15,0.09,0,0.6,3,65.73,0,23.33333333,6.666666667,-8.87,-68.73,0.572709028
2009,7,16,0,0,0.84,2.99,63.2,0,25.55555556,11.11111111,-8.87,-68.73,0.634855556
2009,7,17,13.07,0,1.07,3.23,71.97,0,28.88888889,13.33333333,-8.87,-68.73,0.640615972
2009,7,18,0.22,0,1.85,2,69.34,0,21.11111111,13.33333333,-8.87,-68.73,0.838111806
2009,7,19,0.23,0,1.79,1.61,67.12,0,19.44444444,10.55555556,-8.87,-68.73,0.741029861
2009,7,20,0.16,0,2.27,1.71,64.53,0,23.33333333,10,-8.87,-68.73,0.705492361
2009,7,21,2.17,0,2.36,1.56,63.38,0,24.44444444,12.22222222,-8.87,-68.73,0.689436111
2009,7,22,6.94,0,2.32,1.23,66.77,0,23.33333333,11.11111111,-8.87,-68.73,0.796338889
2009,7,23,20.2,0.02,2.89,0.99,83.07,0,23.33333333,16.11111111,-8.87,-68.73,0.821409722
2009,7,24,1.65,0,2.72,0.71,81.57,0,22.22222222,15.55555556,-8.87,-68.73,0.883518056
2009,7,25,6.55,0,3.15,0.56,84.42,0,25,11.66666667,-8.87,-68.73,0.748554167
2009,7,26,0.22,0,3.15,0.56,81.46,0,25.55555556,15.55555556,-8.87,-68.73,0.867697917
2009,7,27,0.01,0,3.06,0.54,78.52,0,25,16.66666667,-8.87,-68.73,0.791795139
2009,7,28,0,0,3.32,0.59,75.44,0,26.66666667,13.33333333,-4.1,-22.43,0.707170139
2009,7,29,12.4,0,3.01,0.63,84.19,0,28.33333333,15,-4.1,-22.43,0.748506944
2009,7,30,0,0,2.55,0.45,81.64,0,21.66666667,17.22222222,-4.1,-22.43,0.858368056
2009,7,31,14.67,0,3.15,0.56,92.61,0,25.55555556,18.33333333,-4.1,-22.43,0.828872917
2009,8,1,0.03,0,2.64,0.47,89.74,0,22.22222222,15,-4.1,-22.43,0.916281944
2009,8,2,1.2,0,3.4,0.6,87.2,0,27.22222222,16.66666667,-4.1,-22.43,0.745502778
2009,8,3,0.01,0,2.98,0.53,84.13,0,24.44444444,10.55555556,-4.1,-22.43,0.752031944
2009,8,4,0,0,2.98,0.53,81.17,0,25,12.22222222,-4.1,-22.43,0.744809722
2009,8,5,0,0,3.15,0.56,78.14,0,26.11111111,16.66666667,-4.1,-22.43,0.744709028
2009,8,6,0.04,0,2.97,0.54,75.41,0,25.55555556,8.333333333,-4.1,-22.43,0.644136111
2009,8,7,0,0,2.17,0.48,73.39,0,23.33333333,7.222222222,-0.696212696,-14.72424746,0.660007639
2009,8,8,2.77,0,1.86,0.5,73.8,0,23.88888889,12.77777778,-3.4,-17.32,0.596844444
2009,8,9,1.77,0,2.81,0.5,72.65,0,23.88888889,16.11111111,-3.4,-17.32,0.819822917
2009,8,10,4.18,0,3.66,0.65,72.56,0,29.44444444,21.11111111,-3.4,-17.32,0.728169444
2009,8,11,0.38,0,3.74,0.66,69.63,0,30,18.33333333,-5.75,-33.3,0.783004861
2009,8,12,18.4,0.01,3.02,0.54,84.46,0,26.11111111,16.66666667,-5.75,-33.3,0.813143056
2009,8,13,0,0,3.06,0.54,81.4,0,26.11111111,13.33333333,-5.75,-33.3,0.880127083
2009,8,14,0,0,3.32,0.59,78.21,0,27.77777778,14.44444444,-5.75,-33.3,0.788000694
2009,8,15,0.02,0,3.49,0.62,75,0,28.88888889,16.11111111,-5.75,-33.3,0.755784028
2009,8,16,0,0,3.57,0.63,71.84,0,29.44444444,16.11111111,-5.75,-33.3,0.708409028
2009,8,17,0.02,0,3.74,0.66,68.69,0,30.55555556,15.55555556,-2.07,-15.09,0.70065
2009,8,18,4.51,0,3.68,0.66,68.85,0,30.55555556,16.66666667,-2.07,-15.09,0.634038889
2009,8,19,0.02,0,3.4,0.6,66.1,0,28.88888889,20,-2.07,-15.09,0.840656944
2009,8,20,0,0,3.15,0.56,63.64,0,27.22222222,17.22222222,-3.6,-17,0.818593056
2009,8,21,4.88,0,2.9,0.59,65.04,0,28.33333333,20.55555556,-3.6,-17,0.763186111
2009,8,22,0,0,3.06,0.54,62.68,0,26.66666667,14.44444444,-3.6,-17,0.854930556
2009,8,23,0,0,2.98,0.53,60.47,0,26.11111111,15,-3.6,-17,0.71146875
2009,8,24,0,0,2.54,0.47,58.63,0,23.88888889,10.55555556,-3.6,-17,0.723225694
2009,8,25,0,0,2.15,0.47,57.08,0,24.44444444,10.55555556,-3.6,-17,0.76496875
2009,8,26,0,0,2.03,0.53,55.6,0,26.66666667,12.77777778,-3.6,-17,0.721155556
2009,8,27,0.27,0,1.75,0.56,54.46,0,27.77777778,16.11111111,-5.24,-23.31,0.689076389
2009,8,28,12.52,0,0.89,0.35,65.74,0,19.44444444,15,-4.79,-21.31,0.857503472
2009,8,29,17.7,0,1.79,0.32,81.34,0,18.33333333,15,-4.79,-21.31,0.936118056
2009,8,30,0,0,2.55,0.45,78.87,0,24.44444444,11.11111111,-4.79,-21.31,0.730338889
2009,8,31,0.01,0,2.13,0.38,76.88,0,21.11111111,8.888888889,-4.79,-21.31,0.707727778
2009,9,1,0,0,1.87,0.33,75.17,0,18.88888889,3.333333333,-4.79,-21.31,0.698007639
2009,9,2,0,0,2.04,0.36,73.34,0,20.55555556,5,-4.79,-21.31,0.717952083
2009,9,3,0,0,2.3,0.41,71.34,0,22.77777778,5,-4.79,-21.31,0.691866667
2009,9,4,0,0,2.47,0.44,69.25,0,23.88888889,7.222222222,-4.79,-21.31,0.702753472
2009,9,5,0,0,2.55,0.45,67.15,0,25,8.888888889,-4.79,-21.31,0.695878472
2009,9,6,0,0,2.64,0.47,65.05,0,25.55555556,7.777777778,-4.79,-21.31,0.656879167
2009,9,7,0.1,0,2.24,0.42,63.36,0,23.88888889,11.11111111,-4.79,-21.31,0.738972222
2009,9,8,0.04,0,1.38,0.3,62.31,0,18.33333333,15,-4.79,-21.31,0.824936806
2009,9,9,0.06,0,1.43,0.35,61.22,0,21.11111111,13.33333333,-4.79,-21.31,0.8561125
2009,9,10,0.08,0,1.43,0.39,60.14,0,22.77777778,13.33333333,-4.79,-21.31,0.749769444
2009,9,11,20.75,0.05,1,0.32,79.52,0,19.44444444,7.777777778,-4.79,-21.31,0.70529375
2009,9,12,0.53,0,1.11,0.2,78.9,0,13.33333333,10.55555556,-4.79,-21.31,0.910326389
2009,9,13,0.1,0,1.62,0.29,77.46,0,18.33333333,10,-4.79,-21.31,0.748559028
2009,9,14,0.05,0,2.21,0.39,75.46,0,23.33333333,12.22222222,-4.79,-21.31,0.697263194
2009,9,15,0,0,2.21,0.39,73.47,0,23.33333333,9.444444444,-4.79,-21.31,0.750053472
2009,9,16,0,0,2.3,0.41,71.46,0,24.44444444,10.55555556,-4.79,-21.31,0.714660417
2009,9,17,0.13,0,1.7,0.3,70.11,0,19.44444444,10.55555556,-4.79,-21.31,0.741440278
2009,9,18,0.14,0,1.19,0.21,69.21,0,15,12.77777778,-4.79,-21.31,0.887153472
2009,9,19,0.16,0,1.96,0.35,67.7,0,22.22222222,3.333333333,-4.79,-21.31,0.628276389
2009,9,20,0,0,1.79,0.32,66.26,0,20.55555556,2.222222222,-4.79,-21.31,0.721875694
2009,9,21,0,0,1.96,0.35,64.72,0,22.22222222,4.444444444,-4.79,-21.31,0.717179861
2009,9,22,0.77,0,2.04,0.36,63.64,0,22.77777778,13.88888889,-4.79,-21.31,0.760639583
2009,9,23,4.61,0,1.87,0.33,66.05,0,22.22222222,16.66666667,-4.79,-21.31,0.823110417
2009,9,24,0.01,0,2.38,0.42,64.19,0,25.55555556,16.11111111,-4.79,-21.31,0.865036806
2009,9,25,0.01,0,1.79,0.32,62.83,0,21.11111111,10.55555556,-9.33,-57.04,0.691621528
2009,9,26,35.41,1.69,1.62,0.29,94.64,0.01,20,10.55555556,-9.33,-57.04,0.620443056
2009,9,27,11.24,0.17,0.85,0.15,97.5,7.21,12.77777778,10.55555556,-9.33,-57.04,0.950368056
2009,9,28,7.83,0.01,1.11,0.2,97.5,6.52,15.55555556,11.11111111,-9.33,-57.04,0.908984722
2009,9,29,0.05,0,1.53,0.27,95.77,0,19.44444444,9.444444444,-9.33,-57.04,0.580277778
2009,9,30,0.01,0,0.78,0.14,94.88,0,12.22222222,8.333333333,-9.33,-57.04,0.748607639
2009,10,1,0,0,0.82,0.14,93.95,0,12.77777778,5,-4.62,-28.38,0.624213194
2009,10,2,9.68,0.05,0.76,0.13,97.5,5.19,12.22222222,0.555555556,-4.62,-28.38,0.769368056
2009,10,3,0.41,0,0.83,0.15,96.93,0,13.33333333,5,-4.62,-28.38,0.914879861
2009,10,4,0,0,1.36,0.24,95.35,0,18.88888889,6.111111111,-4.62,-28.38,0.723228472
2009,10,5,0,0,0.94,0.17,94.28,0,15,5,-8.44,-54.19,0.669730556
2009,10,6,0.02,0,0.85,0.15,93.34,0,14.44444444,1.111111111,-8.44,-54.19,0.761607639
2009,10,7,2.75,0,1.02,0.18,94.89,0,16.11111111,2.222222222,-8.44,-54.19,0.661618056
2009,10,8,0.02,0,0.68,0.12,94.14,0,12.22222222,4.444444444,-6.16,-32.48,0.636795139
2009,10,9,15.39,0.66,1.02,0.18,97.5,10.17,16.66666667,5,-6.18,-40.84,0.711068056
2009,10,10,0.51,0,1.36,0.24,96.42,0,19.44444444,10,-6.18,-40.84,0.874294444
2009,10,11,0,0,0.73,0.13,95.57,0,13.33333333,0.555555556,-6.18,-40.84,0.764156944
2009,10,12,0,0,0.64,0.11,94.84,0,12.22222222,-1.666666667,-6.18,-40.84,0.580677778
2009,10,13,0.14,0,0.43,0.08,94.49,0,9.444444444,1.111111111,-11.44,-74.59,0.737480556
2009,10,14,0,0,0.65,0.12,93.74,0,12.77777778,-3.888888889,-17.61,-122.57,0.692188194
2009,10,15,28.75,4.73,0.22,0.04,97.5,20,6.111111111,-1.666666667,-15.24,-119.15,0.795254167
2009,10,16,10.15,0.26,0.03,0,97.5,9.86,1.666666667,-0.555555556,-12.85,-105.4,0.951770833
2009,10,17,7.16,0.03,0,0,97.5,7.13,1.111111111,-0.555555556,-12.85,-105.4,0.947180556
2009,10,18,0.51,0,0.03,0,97.5,0.48,2.222222222,0,-12.85,-105.4,0.890147917
2009,10,19,0,0,0.33,0.06,97.11,0,8.888888889,-5.555555556,-12.85,-105.4,0.631161111
2009,10,20,0,0,0.5,0.09,96.52,0,11.66666667,-4.444444444,-12.85,-105.4,0.612420833
2009,10,21,0,0,1.11,0.2,95.25,0,18.33333333,3.333333333,-12.85,-105.4,0.602255556
2009,10,22,0,0,1.36,0.24,93.7,0,21.11111111,6.111111111,-4.63,-19.86,0.640447222
2009,10,23,18.51,1.17,1.28,0.23,97.5,12.04,20.55555556,8.888888889,-2.67,-4.07,0.501209722
2009,10,24,64.17,26.89,0.72,0.13,97.5,36.43,15,10.55555556,-2.67,-4.07,0.9147
2009,10,25,0,0,0.76,0.13,96.61,0,15.55555556,4.444444444,-2.67,-4.07,0.646689583
2009,10,26,0,0,0.65,0.12,95.85,0,14.44444444,-1.111111111,-10.42,-78.55,0.588977083
2009,10,27,5.46,0,0.64,0.11,97.5,3.06,14.44444444,-1.111111111,-11.11,-77.86,0.670140278
2009,10,28,8.01,0.03,0.54,0.1,97.5,7.34,13.33333333,7.777777778,-11.11,-77.86,0.905211806
2009,10,29,0,0,0.54,0.09,96.87,0,13.33333333,8.888888889,-11.11,-77.86,0.849548611
2009,10,30,0.14,0,0.48,0.08,96.46,0,12.77777778,8.888888889,-4.13,-25.2,0.8696875
2009,10,31,1.1,0,0.39,0.07,97.1,0,11.66666667,9.444444444,-4.13,-25.2,0.833681944
2009,11,1,0,0,0.64,0.11,96.35,0,15,1.666666667,-4.13,-25.2,0.652624306
2009,11,2,0,0,0.3,0.05,96.01,0,10.55555556,-3.888888889,-4.13,-25.2,0.653794444
2009,11,3,0.53,0,0.44,0.08,96.02,0,12.77777778,-3.888888889,-4.13,-25.2,0.659127778
2009,11,4,0.03,0,0.32,0.06,95.67,0,11.11111111,-3.888888889,-4.13,-25.2,0.55326875
2009,11,5,0.76,0,0.04,0.01,96.39,0,6.111111111,-3.888888889,-4.13,-25.2,0.721602083
2009,11,6,0,0,0.01,0,96.38,0,5.555555556,-2.222222222,-4.13,-25.2,0.62658125
2009,11,7,0,0,0.05,0.01,96.32,0,6.666666667,-3.888888889,-4.13,-25.2,0.585324306
2009,11,8,0.01,0,0.4,0.07,95.87,0,12.77777778,2.777777778,-4.13,-25.2,0.528245139
2009,11,9,0,0,1.19,0.21,94.5,0,21.11111111,7.777777778,-4.13,-25.2,0.6732375
2009,11,10,0,0,0.94,0.17,93.44,0,18.88888889,7.222222222,-4.13,-25.2,0.696090972
2009,11,11,0.15,0,0.55,0.1,92.97,0,15,2.222222222,-4.13,-25.2,0.578743056
2009,11,12,0,0,0.19,0.03,92.76,0,10,-0.555555556,-4.13,-25.2,0.464910417
2009,11,13,0,0,0.21,0.04,92.52,0,10.55555556,-0.555555556,-4.13,-25.2,0.357549306
2009,11,14,0.04,0,0.62,0.11,91.87,0,16.11111111,2.222222222,-4.13,-25.2,0.633055556
2009,11,15,0.01,0,0.43,0.08,91.4,0,13.88888889,3.333333333,-4.13,-25.2,0.888726389
2009,11,16,0,0,0.76,0.13,90.57,0,17.77777778,2.777777778,-4.13,-25.2,0.667033333
2009,11,17,0,0,0.19,0.03,90.36,0,10.55555556,2.777777778,-4.13,-25.2,0.426244444
2009,11,18,0,0,0.03,0.01,90.32,0,7.777777778,2.777777778,-4.19,-11.29,0.4543125
2009,11,19,12.56,0.23,0.12,0.02,97.5,5.02,9.444444444,3.888888889,-4.19,-11.29,0.796923611
2009,11,20,0,0,0.14,0.03,97.33,0,10,4.444444444,-4.19,-11.29,0.832941667
2009,11,21,0,0,0.05,0.01,97.28,0,8.333333333,4.444444444,-4.19,-11.29,0.635081944
2009,11,22,0,0,0.07,0.01,97.19,0,8.888888889,5,-4.11,-26.26,0.739691667
2009,11,23,2.57,0,0.04,0.01,97.5,2.22,8.333333333,1.111111111,-3.61,-18.14,0.783316667
2009,11,24,4.73,0,0,0,97.5,4.73,6.666666667,3.333333333,-3.61,-18.14,0.879911111
2009,11,25,0.26,0,0.06,0.01,97.5,0.19,8.888888889,5.555555556,-3.61,-18.14,0.938388889
2009,11,26,6.86,0.01,0.05,0.01,97.5,6.78,8.888888889,0.555555556,-3.61,-18.14,0.936416667
2009,11,27,0.48,0,0.21,0.04,97.5,0.23,11.66666667,0,-3.61,-18.14,0.773832639
2009,11,28,0.09,0,0,0,97.5,0.09,3.333333333,-0.555555556,-3.61,-18.14,0.690494444
2009,11,29,0.23,0,0,0,97.5,0.23,3.888888889,-1.111111111,-3.61,-18.14,0.671065278
2009,11,30,1.04,0,0.36,0.06,97.5,0.62,13.88888889,3.888888889,-3.61,-18.14,0.544102778
2009,12,1,0,0,0,0,97.5,0,6.111111111,-2.777777778,-12.53,-89.32,0.652497917
2009,12,2,11.14,0.4,0,0,97.5,10.74,5,-2.777777778,-10.53,-70.76,0.794152083
2009,12,3,4.42,0,0.13,0.02,97.5,4.27,10.55555556,-2.222222222,-10.53,-70.76,0.845461111
2009,12,4,0.02,0,0.03,0.01,97.49,0,8.888888889,0.555555556,-18.78,-139.8,0.675244444
2009,12,5,4.67,0,0,0,97.5,4.66,3.333333333,-4.444444444,-18.78,-139.8,0.674778472
2009,12,6,0,0,0,0,97.5,0,-1.666666667,-6.111111111,-18.78,-139.8,0.794921528
2009,12,7,0.05,0,0,0,97.5,0.05,-1.666666667,-8.333333333,-26.25,-200.8,0.724522917
2009,12,8,0,0,0,0,97.5,0,-1.111111111,-5,-15.74,-116.04,0.714132639
2009,12,9,32.69,7.82,0,0,97.5,24.87,2.222222222,-2.222222222,-15.74,-116.04,0.82869375
2009,12,10,0.01,0,0,0,97.5,0.01,6.666666667,-5,-15.74,-116.04,0.679836806
2009,12,11,0,0,0,0,97.5,0,-5,-12.22222222,-15.74,-116.04,0.508109028
2009,12,12,0,0,0,0,97.5,0,-6.111111111,-11.11111111,-15.74,-116.04,0.428354861
2009,12,13,16.65,1.53,0,0,97.5,15.12,1.111111111,-8.333333333,-15.74,-116.04,0.421013889
2009,12,14,0,0,0,0,97.5,0,3.888888889,-2.222222222,-9.64,-69.54,0.869275
2009,12,15,1.52,0,0,0,97.5,1.52,7.222222222,0.555555556,-9.64,-69.54,0.842643056
2009,12,16,0.05,0,0,0,97.5,0.05,4.444444444,-6.666666667,-9.64,-69.54,0.675141667
2009,12,17,0,0,0,0,97.5,0,-3.888888889,-10,-9.64,-69.54,0.575638194
2009,12,18,0.01,0,0,0,97.5,0.01,-2.777777778,-9.444444444,-26.31,-210.96,0.611825694
2009,12,19,0,0,0,0,97.5,0,-1.666666667,-7.777777778,-26.31,-210.96,0.715920139
2009,12,20,0,0,0,0,97.5,0,-5.555555556,-10,-26.31,-210.96,0.797697917
2009,12,21,0,0,0,0,97.5,0,-2.777777778,-10.55555556,-26.31,-210.96,0.657354167
2009,12,22,0,0,0,0,97.5,0,-1.111111111,-6.111111111,-26.31,-210.96,0.705147222
2009,12,23,0,0,0,0,97.5,0,-1.666666667,-14.44444444,-26.31,-210.96,0.682049306
2009,12,24,0,0,0,0,97.5,0,-3.888888889,-14.44444444,-8.71,-71.11,0.670010417
2009,12,25,11.86,0.51,0,0,97.5,11.35,0.555555556,-7.777777778,-8.71,-71.11,0.727778472
2009,12,26,22.45,3.37,0,0,97.5,19.08,3.333333333,-3.888888889,-8.71,-71.11,0.929215278
2009,12,27,0.01,0,0,0,97.5,0.01,4.444444444,-4.444444444,-8.71,-71.11,0.963878472
2009,12,28,0.24,0,0,0,97.5,0.24,3.888888889,-5.555555556,-8.71,-71.11,0.594586111
2009,12,29,0,0,0,0,97.5,0,-3.888888889,-10.55555556,-8.71,-71.11,0.629027083
2009,12,30,0,0,0,0,97.5,0,-6.666666667,-13.33333333,-8.71,-71.11,0.60555625
2009,12,31,1.54,0,0,0,97.5,1.54,-3.333333333,-13.33333333,-8.71,-71.11,0.690527778
2010,1,1,1.75,0,0,0,97.5,1.75,0,-5,-8.71,-71.11,0.909484722
2010,1,2,2.37,0,0,0,97.5,2.37,0.555555556,-10,-8.71,-71.11,0.691413194
2010,1,3,0,0,0,0,97.5,0,-7.222222222,-13.33333333,-8.71,-71.11,0.605271528
2010,1,4,0.1,0,0,0,97.5,0.1,-8.888888889,-13.33333333,-8.71,-71.11,0.678288889
2010,1,5,0,0,0,0,97.5,0,-6.111111111,-10.55555556,-8.71,-71.11,0.670017361
2010,1,6,0.29,0,0,0,97.5,0.29,-5,-9.444444444,-16.05,-133.34,0.721232639
2010,1,7,0,0,0,0,97.5,0,-3.888888889,-6.111111111,-16.05,-133.34,0.697792361
2010,1,8,0,0,0,0,97.5,0,-3.888888889,-8.333333333,-16.05,-133.34,0.786470833
2010,1,9,0,0,0,0,97.5,0,-7.222222222,-12.22222222,-16.05,-133.34,0.658826389
2010,1,10,0.4,0,0,0,97.5,0.4,-4.444444444,-17.22222222,-16.05,-133.34,0.563247222
2010,1,11,0,0,0,0,97.5,0,-6.666666667,-17.22222222,-16.05,-133.34,0.648670139
2010,1,12,0,0,0,0,97.5,0,-5,-11.66666667,-16.05,-133.34,0.677527083
2010,1,13,0,0,0,0,97.5,0,-4.444444444,-10,-16.05,-133.34,0.668504167
2010,1,14,1.19,0,0,0,97.5,1.19,-0.555555556,-7.777777778,-16.05,-133.34,0.645789583
2010,1,15,0,0,0,0,97.5,0,6.111111111,-5.555555556,-16.05,-133.34,0.4966875
2010,1,16,0,0,0,0,97.5,0,3.333333333,0,-10.21,-93.74,0.708319444
2010,1,17,16.65,1.52,0.03,0.02,97.5,15.08,7.777777778,-2.777777778,-10.21,-93.74,0.822679861
2010,1,18,0.1,0,0,0,97.5,0.1,2.222222222,-2.222222222,-10.21,-93.74,0.8925625
2010,1,19,0.15,0,0,0,97.5,0.15,3.888888889,0,-10.21,-93.74,0.7703875
2010,1,20,0,0,0,0,97.5,0,0.555555556,-5.555555556,-10.21,-93.74,0.672102083
2010,1,21,0,0,0,0,97.5,0,0.555555556,-10,-9.6,-97.31,0.674383333
2010,1,22,0.65,0,0,0,97.5,0.65,1.111111111,-8.333333333,-9.6,-97.31,0.608157639
2010,1,23,0,0,0,0,97.5,0,1.666666667,-7.777777778,-3.59,-13.13,0.568475694
2010,1,24,14.76,1.07,0,0,97.5,13.69,3.888888889,-7.222222222,-7.29,-45.61,0.575177778
2010,1,25,37.23,9.98,0.23,0.15,97.5,26.87,11.11111111,-0.555555556,-7.29,-45.61,0.924207639
2010,1,26,0.28,0,0.15,0.1,97.5,0.03,9.444444444,-3.333333333,-7.29,-45.61,0.637052778
2010,1,27,0,0,0,0,97.5,0,-1.666666667,-6.111111111,-7.29,-45.61,0.645234722
2010,1,28,0.72,0,0,0,97.5,0.72,-0.555555556,-6.666666667,-7.29,-45.61,0.641075
2010,1,29,0,0,0,0,97.5,0,0,-16.66666667,-7.29,-45.61,0.537863889
2010,1,30,0,0,0,0,97.5,0,-8.333333333,-17.22222222,-7.29,-45.61,0.529045139
2010,1,31,0,0,0,0,97.5,0,-8.888888889,-19.44444444,-7.29,-45.61,0.490985417
2010,2,1,0,0,0,0,97.5,0,-4.444444444,-18.33333333,-9.99,-65.92,0.460564583
2010,2,2,0,0,0,0,97.5,0,-2.222222222,-11.66666667,-9.99,-65.92,0.545945139
2010,2,3,1.9,0,0,0,97.5,1.9,0,-10,-9.99,-65.92,0.8077625
2010,2,4,0.01,0,0,0,97.5,0.01,0,-6.666666667,-28.22,-227.07,0.589813194
2010,2,5,11.94,0.52,0,0,97.5,11.42,1.111111111,-7.222222222,-25.07,-200.44,0.519227778
2010,2,6,5.82,0,0,0,97.5,5.82,0,-6.666666667,-25.07,-200.44,0.865675694
2010,2,7,0,0,0,0,97.5,0,-3.333333333,-19.44444444,-25.07,-200.44,0.568806944
2010,2,8,0.01,0,0,0,97.5,0.01,-4.444444444,-17.77777778,-13.54,-112.93,0.651175
2010,2,9,0,0,0,0,97.5,0,-2.777777778,-15.55555556,-14.64,-105.86,0.696069444
2010,2,10,0,0,0,0,97.5,0,-2.777777778,-11.66666667,-14.64,-105.86,0.891572917
2010,2,11,0,0,0,0,97.5,0,-5,-11.66666667,-14.64,-105.86,0.767495139
2010,2,12,0,0,0,0,97.5,0,-3.888888889,-8.333333333,-14.64,-105.86,0.642885417
2010,2,13,1.67,0,0,0,97.5,1.67,0,-11.66666667,-14.64,-105.86,0.592773611
2010,2,14,0,0,0,0,97.5,0,-5,-11.66666667,-14.64,-105.86,0.662555556
2010,2,15,0,0,0,0,97.5,0,-3.888888889,-11.66666667,-14.64,-105.86,0.66110625
2010,2,16,1.63,0,0,0,97.5,1.63,0,-12.22222222,-14.64,-105.86,0.773552778
2010,2,17,0,0,0,0,97.5,0,-3.333333333,-8.888888889,-14.64,-105.86,0.675038889
2010,2,18,0,0,0,0,97.5,0,-2.222222222,-7.222222222,-14.64,-105.86,0.70615
2010,2,19,6.23,0,0.01,0.01,97.5,6.21,1.111111111,-2.777777778,-14.64,-105.86,0.570489583
2010,2,20,4.36,0,0.07,0.04,97.5,4.25,2.777777778,-8.333333333,-14.64,-105.86,0.553226389
2010,2,21,0,0,0.11,0.07,97.32,0,3.888888889,-8.333333333,-12.19,-86.85,0.426595833
2010,2,22,1.5,0,0.2,0.13,97.5,0.99,6.111111111,-7.777777778,-12.19,-86.85,0.470585417
2010,2,23,0.17,0,0.07,0.05,97.5,0.06,2.222222222,-1.666666667,-12.19,-86.85,0.833234722
2010,2,24,0,0,0.1,0.06,97.34,0,2.777777778,-2.222222222,-32.63,-260.68,0.769002083
2010,2,25,0.6,0,0.07,0.05,97.5,0.33,1.666666667,-4.444444444,-23.62,-205.35,0.677368056
2010,2,26,1.57,0,0.02,0.01,97.5,1.54,-0.555555556,-8.888888889,-17.13,-139.45,0.688096528
2010,2,27,0,0,0,0,97.5,0,-5,-7.222222222,-17.13,-139.45,0.791126389
2010,2,28,1.26,0,0.03,0.02,97.5,1.21,-0.555555556,-6.111111111,-17.13,-139.45,0.751127778
2010,3,1,1.34,0,0.12,0.08,97.5,1.15,2.222222222,-3.333333333,-17.13,-139.45,0.688202778
2010,3,2,0.05,0,0.12,0.08,97.35,0,2.222222222,-2.222222222,-17.13,-139.45,0.682320139
2010,3,3,0.43,0,0.13,0.09,97.5,0.06,2.222222222,-2.222222222,-17.13,-139.45,0.752324306
2010,3,4,0,0,0.18,0.12,97.2,0,3.333333333,-9.444444444,-17.13,-139.45,0.574735417
2010,3,5,0,0,0.22,0.15,96.83,0,4.444444444,-9.444444444,-17.13,-139.45,0.422317361
2010,3,6,0,0,0.27,0.18,96.38,0,5.555555556,-12.22222222,-17.13,-139.45,0.404109722
2010,3,7,0,0,0.35,0.24,95.8,0,7.222222222,-11.11111111,-17.13,-139.45,0.327171528
2010,3,8,0.01,0,0.37,0.26,95.19,0,7.777777778,-5.555555556,-17.13,-139.45,0.333267361
2010,3,9,0,0,0.45,0.32,94.44,0,9.444444444,-4.444444444,-17.13,-139.45,0.372043056
2010,3,10,0.03,0,0.66,0.5,93.35,0,13.88888889,-4.444444444,-4.320041715,-25.23023285,0.410289583
2010,3,11,0.06,0,0.74,0.59,92.15,0,15,0.555555556,-9.234932915,-68.01502436,0.489772917
2010,3,12,10.34,0.03,0.8,0.68,97.5,3.48,16.66666667,2.777777778,-15.12638605,-119.5037288,0.750115972
2010,3,13,32.37,7.3,0.45,0.29,97.5,24.33,7.777777778,3.888888889,-10.11140046,-86.8478903,0.896458333
2010,3,14,3.22,0,0.4,0.26,97.5,2.56,6.666666667,3.333333333,-10.11140046,-86.8478903,0.90175
2010,3,15,0.41,0,0.34,0.22,97.35,0,5,2.222222222,-10.11140046,-86.8478903,0.8636625
2010,3,16,0,0,0.36,0.24,96.75,0,5.555555556,-0.555555556,-10.11140046,-86.8478903,0.664390278
2010,3,17,0,0,0.93,0.63,95.22,0,15,-3.333333333,-10.11140046,-86.8478903,0.354085417
2010,3,18,0,0,1,0.72,93.55,0,16.66666667,-2.222222222,-10.11140046,-86.8478903,0.316720833
2010,3,19,0,0,0.98,0.77,91.89,0,17.77777778,-0.555555556,-10.11140046,-86.8478903,0.316902083
2010,3,20,0,0,1,0.86,90.16,0,18.88888889,2.777777778,-10.11140046,-86.8478903,0.366860417
2010,3,21,0,0,0.96,0.9,88.46,0,19.44444444,1.666666667,-0.97168141,-3.258087234,0.379798611
2010,3,22,3.46,0,0.98,1.04,89.9,0,21.66666667,2.777777778,-2.973895694,-21.19294575,0.485140278
2010,3,23,2.15,0,1.16,0.72,90.17,0,16.11111111,4.444444444,-2.973895694,-21.19294575,0.816789583
2010,3,24,0,0,0.42,0.27,89.53,0,5,0,-5.366024402,-28.99110969,0.675891667
2010,3,25,10.81,0.01,0.95,0.63,97.5,1.25,14.44444444,1.111111111,-5.366024402,-28.99110969,0.391255556
2010,3,26,2.21,0,1.17,0.77,97.5,0.28,16.66666667,-2.222222222,-5.366024402,-28.99110969,0.636892361
2010,3,27,0,0,0.44,0.32,96.75,0,5.555555556,-8.888888889,-7.37961551,-37.90973887,0.377197222
2010,3,28,22.97,3.07,0.48,0.41,97.5,18.25,7.222222222,-5.555555556,-7.908631494,-47.63869402,0.512577083
2010,3,29,0,0,0.43,0.4,96.68,0,6.111111111,1.111111111,-7.908631494,-47.63869402,0.923804167
2010,3,30,0.02,0,0.73,0.79,95.2,0,13.33333333,-1.111111111,-7.908631494,-47.63869402,0.659307639
2010,3,31,0,0,0.51,0.65,94.07,0,10.55555556,-0.555555556,-7.908631494,-47.63869402,0.367698611
2010,4,1,0.28,0,0.85,1.31,92.27,0,18.88888889,1.666666667,-7.908631494,-47.63869402,0.302585417
2010,4,2,0,0,1.13,2.15,89.22,0,26.11111111,5.555555556,-7.908631494,-47.63869402,0.347380556
2010,4,3,0,0,0.91,2.39,86.26,0,27.22222222,11.66666667,-7.908631494,-47.63869402,0.443288889
2010,4,4,0,0,0.57,2.13,83.9,0,24.44444444,7.222222222,-7.908631494,-47.63869402,0.411253472
2010,4,5,1.27,0,0.31,1.7,83.27,0,19.44444444,6.666666667,1.310193487,5.874213522,0.307429167
2010,4,6,1.57,0,0.36,2.46,82.21,0,25.55555556,10.55555556,1.310193487,5.874213522,0.502404861
2010,4,7,0.49,0,0.31,2.95,79.9,0,28.33333333,16.11111111,1.310193487,5.874213522,0.26711875
2010,4,8,1.94,0,0.18,3.06,78.85,0,27.77777778,11.11111111,1.310193487,5.874213522,0.35645625
2010,4,9,0.37,0,0.1,2.82,76.81,0,25.55555556,2.777777778,1.310193487,5.874213522,0.568251389
2010,4,10,0,0,0.01,0.74,76.22,0,5.555555556,0,1.310193487,5.874213522,0.562597222
2010,4,11,1.26,0,0.01,1.64,75.91,0,15,0.555555556,1.310193487,5.874213522,0.300363889
2010,4,12,0,0,0,2.36,74.1,0,20,-0.555555556,1.310193487,5.874213522,0.308695139
2010,4,13,0.01,0,0,2.14,72.5,0,17.77777778,3.333333333,1.310193487,5.874213522,0.27514375
2010,4,14,0,0,0,1.5,71.39,0,12.22222222,-2.777777778,1.310193487,5.874213522,0.705238194
2010,4,15,0,0,0,2.1,69.87,0,17.22222222,1.111111111,1.310193487,5.874213522,0.411744444
2010,4,16,5.57,0,0,3.2,72.24,0,24.44444444,6.111111111,1.310193487,5.874213522,0.4160375
2010,4,17,0.68,0,0,3.3,70.33,0,25,3.333333333,1.310193487,5.874213522,0.616608333
2010,4,18,0.17,0,0,0.85,69.84,0,4.444444444,0,1.310193487,5.874213522,0.671771528
2010,4,19,0,0,0,1.2,68.98,0,8.333333333,0,1.310193487,5.874213522,0.640813889
2010,4,20,0,0,0,2,67.58,0,16.11111111,-1.111111111,-1.37837323,-15.55650542,0.416365972
2010,4,21,0.63,0,0,2.3,66.43,0,17.77777778,3.333333333,-2.489402319,-21.24323826,0.457509722
2010,4,22,0.56,0,0,2.5,65.13,0,19.44444444,0,-2.489402319,-21.24323826,0.635070833
2010,4,23,0.01,0,0,2.5,63.48,0,18.88888889,-2.222222222,-1.208814204,-11.36540805,0.40021875
2010,4,24,1.11,0,0,2.5,62.59,0,18.88888889,1.111111111,-1.208814204,-11.36540805,0.258354167
2010,4,25,13.16,0,0,2,73.75,0,15.55555556,6.666666667,-1.208814204,-11.36540805,0.737553472
2010,4,26,11.17,0,0,1.5,83.42,0,10.55555556,7.222222222,-1.208814204,-11.36540805,0.930513889
2010,4,27,0,0,0,1.6,82.06,0,11.66666667,2.222222222,-1.208814204,-11.36540805,0.791623611
2010,4,28,0,0,0,1.5,80.8,0,11.11111111,-1.666666667,-1.208814204,-11.36540805,0.392858333
2010,4,29,0.73,0,0,1.6,80.09,0,11.66666667,-1.666666667,-1.208814204,-11.36540805,0.352995833
2010,4,30,0.19,0,0,2.5,78.21,0,18.33333333,3.888888889,-1.208814204,-11.36540805,0.375366667
2010,5,1,0,0,0,3.7,75.3,0,26.11111111,12.22222222,-1.898291672,-16.94137737,0.446941667
2010,5,2,10.75,0,0,4.3,81.75,0,28.88888889,16.11111111,-1.898291672,-16.94137737,0.516357639
2010,5,3,7.54,0,0,3.1,86.19,0,22.22222222,16.66666667,-1.898291672,-16.94137737,0.901244444
2010,5,4,3.7,0,0,3.4,86.49,0,23.88888889,7.222222222,-1.898291672,-16.94137737,0.607611806
2010,5,5,0,0,0,2.9,83.95,0,21.11111111,5.555555556,-1.068629162,2.837882681,0.537847222
2010,5,6,2.7,0,0,3.6,83.18,0,25,10,-1.068629162,2.837882681,0.515209722
2010,5,7,0,0,0,2.7,80.91,0,19.44444444,1.666666667,-1.522814548,-1.129301726,0.483134722
2010,5,8,8.13,0,0,2.7,86.34,0,19.44444444,7.777777778,-1.522814548,-1.129301726,0.578149306
2010,5,9,0.01,0,0,2,84.6,0,13.88888889,1.666666667,-1.522814548,-1.129301726,0.5876375
2010,5,10,0,0,0,1.4,83.39,0,8.333333333,-2.777777778,-1.522814548,-1.129301726,0.478133333
2010,5,11,29.29,2.39,0,2.1,97.5,10.69,14.44444444,-0.555555556,-1.522814548,-1.129301726,0.358409722
2010,5,12,3.69,0,0,1.4,97.5,2.29,8.333333333,0.555555556,-1.522814548,-1.129301726,0.929201389
2010,5,13,0.01,0,0,2.2,95.33,0,15.55555556,6.111111111,-1.277915493,0.374322341,0.828559028
2010,5,14,2.95,0,0,2.4,95.88,0,16.66666667,6.666666667,-1.277915493,0.374322341,0.856267361
2010,5,15,0,0,0,4,92.03,0,26.66666667,7.222222222,-1.277915493,0.374322341,0.566546528
2010,5,16,0.03,0,0,3,89.27,0,20.55555556,7.777777778,-1.277915493,0.374322341,0.498777083
2010,5,17,3.38,0,0,2.8,89.85,0,19.44444444,8.333333333,-1.277915493,0.374322341,0.496739583
2010,5,18,5.12,0,0,2.1,92.87,0,14.44444444,7.222222222,-1.277915493,0.374322341,0.838940972
2010,5,19,0.03,0,0,1.5,91.48,0,8.888888889,7.222222222,-1.277915493,0.374322341,0.854163194
2010,5,20,0.01,0,0,2.6,89.08,0,17.77777778,8.888888889,-7.978827165,-59.75186569,0.714597222
2010,5,21,0,0,0,4,85.5,0,26.66666667,9.444444444,-4.748403614,-40.5952682,0.555453472
2010,5,22,15.41,0.05,0,3.9,96.96,0,26.11111111,13.88888889,-8.567165432,-61.99965269,0.480863194
2010,5,23,6.32,0,0,3.2,97.5,2.58,21.66666667,14.44444444,-8.567165432,-61.99965269,0.869597222
2010,5,24,0.05,0,0,3,94.59,0,20.55555556,12.77777778,-8.567165432,-61.99965269,0.839761806
2010,5,25,0.07,0,0,3.4,91.42,0,22.77777778,12.22222222,-8.567165432,-61.99965269,0.746534722
2010,5,26,0,0,0,4.1,87.65,0,26.66666667,12.77777778,-8.567165432,-61.99965269,0.726049306
2010,5,27,0,0,0,4.9,83.36,0,30.55555556,13.33333333,-2.664623573,-17.53894386,0.572966667
2010,5,28,0.49,0,0,4.7,79.83,0,30,13.33333333,-2.664623573,-17.53894386,0.627483333
2010,5,29,0,0,0,3.8,76.78,0,25,15.55555556,-2.664623573,-17.53894386,0.844403472
2010,5,30,0,0,0,4.1,73.62,0,26.66666667,8.888888889,-2.664623573,-17.53894386,0.649061111
2010,5,31,1.26,0,0,4.4,71.29,0,28.33333333,13.33333333,-2.664623573,-17.53894386,0.623592361
2010,6,1,3.08,0,0,4.7,70.11,0,29.44444444,16.66666667,-2.664623573,-17.53894386,0.772152778
2010,6,2,0.01,0,0,3.9,67.37,0,25.55555556,9.444444444,-2.664623573,-17.53894386,0.744852083
2010,6,3,0,0,0,4.2,64.53,0,27.22222222,16.11111111,-2.664623573,-17.53894386,0.63041875
2010,6,4,0.4,0,0,4,62.19,0,26.11111111,15.55555556,-2.664623573,-17.53894386,0.726660417
2010,6,5,1.89,0,0,4.3,60.67,0,27.77777778,17.22222222,-2.664623573,-17.53894386,0.80625
2010,6,6,1.05,0,0,4,58.86,0,26.11111111,17.22222222,-2.664623573,-17.53894386,0.816544444
2010,6,7,0,0,0,3.6,56.73,0,23.88888889,10.55555556,-2.664623573,-17.53894386,0.636150694
2010,6,8,0,0,0,3.2,54.9,0,21.11111111,3.333333333,-2.664623573,-17.53894386,0.494672222
2010,6,9,39.31,1.56,0,3.2,89.44,0,21.11111111,10,-2.664623573,-17.53894386,0.544708333
2010,6,10,0,0,0,2.7,87,0,17.77777778,10,-2.664623573,-17.53894386,0.924835417
2010,6,11,0,0,0,3.7,83.76,0,24.44444444,8.333333333,-2.664623573,-17.53894386,0.618316667
2010,6,12,0.21,0,0,4.1,80.48,0,26.11111111,12.77777778,-2.664623573,-17.53894386,0.700756944
2010,6,13,5.29,0,0,4.9,80.87,0,30.55555556,20.55555556,-2.664623573,-17.53894386,0.775040972
2010,6,14,0.09,0,0,4.1,77.61,0,26.11111111,15.55555556,-5.401693875,-40.29252802,0.723854167
2010,6,15,0.18,0,0,3.7,74.86,0,23.88888889,13.88888889,-5.692372702,-42.53146514,0.781313194
2010,6,16,1.05,0,0,3.5,73,0,22.77777778,16.66666667,-4.920265212,-38.04025645,0.824029167
2010,6,17,0,0,0,4.4,69.78,0,27.77777778,15,-4.920265212,-38.04025645,0.6539875
2010,6,18,0,0,0,3.5,67.32,0,22.77777778,7.777777778,-4.920265212,-38.04025645,0.674028671
2010,6,19,0.43,0,0,4,64.9,0,25.55555556,14.44444444,-4.920265212,-38.04025645,0.680493056
2010,6,20,0,0,0,4.7,61.85,0,29.44444444,17.77777778,-4.920265212,-38.04025645,0.7100625
2010,6,21,0,0,0,4.4,59.12,0,27.77777778,12.22222222,-3.872983894,-34.10030452,0.611026389
2010,6,22,4.49,0,0,4.5,59.11,0,28.33333333,16.11111111,-2.547503614,-27.84316699,0.661629861
2010,6,23,0.42,0,0,4.2,56.86,0,26.66666667,17.77777778,-2.547503614,-27.84316699,0.734975
2010,6,24,0.09,0,0,4.8,54.18,0,30,18.88888889,-3.522137268,-28.81109176,0.705166667
2010,6,25,0,0,0,4.2,51.9,0,26.66666667,11.66666667,-3.522137268,-28.81109176,0.650671528
2010,6,26,0,0,0,4.2,49.71,0,26.66666667,12.77777778,-3.522137268,-28.81109176,0.672425694
2010,6,27,10.34,0,0,4.5,55.55,0,28.33333333,17.22222222,-3.522137268,-28.81109176,0.669996528
2010,6,28,1.39,0,0,4.9,53.59,0,30.55555556,20.55555556,-3.522137268,-28.81109176,0.655815972
2010,6,29,0,0,0,3.9,51.49,0,25.55555556,17.22222222,-2.557047518,-25.54840181,0.729836806
2010,6,30,0,0,0,3.5,49.67,0,23.33333333,4.444444444,-2.557047518,-25.54840181,0.530374306
2010,7,1,0,0,0,3.3,48.02,0,21.66666667,3.888888889,-2.557047518,-25.54840181,0.496013889
2010,7,2,0,0,0.23,3.02,46.44,0,21.66666667,5,-2.557047518,-25.54840181,0.516945139
2010,7,3,0,0,0.41,2.99,44.85,0,23.88888889,7.777777778,-2.557047518,-25.54840181,0.575398611
2010,7,4,0,0,0.57,3.35,43.08,0,28.88888889,10.55555556,-2.557047518,-25.54840181,0.510011111
2010,7,5,0,0,0.5,3.23,41.46,0,30.55555556,15,-2.557047518,-25.54840181,0.5595125
2010,7,6,0,0,0.25,2.88,40.15,0,32.77777778,15.55555556,-2.557047518,-25.54840181,0.566783333
2010,7,7,0,0,0,2.45,39.16,0,33.33333333,16.66666667,-2.557047518,-25.54840181,0.557574306
2010,7,8,0,0,0,2.03,38.35,0,32.77777778,16.11111111,-2.557047518,-25.54840181,0.530911806
2010,7,9,37.92,0.74,0,1.6,73.93,0,33.33333333,20,-2.557047518,-25.54840181,0.559934722
2010,7,10,0.19,0,4,1.1,70.3,0,30,16.66666667,-0.250133712,-16.7169583,0.764861806
2010,7,11,0,0,3.66,0.65,67.27,0,27.77777778,10,-7.500278896,-44.84292454,0.546379167
2010,7,12,7.95,0,3.83,0.68,70.72,0,28.88888889,13.88888889,-6.022573443,-39.54589934,0.558681944
2010,7,13,4.01,0,3.32,0.59,70.83,0,25.55555556,17.22222222,-6.634723275,-49.33286667,0.837688889
2010,7,14,9.25,0,3.15,0.56,76.38,0,24.44444444,18.33333333,-6.634723275,-49.33286667,0.835344444
2010,7,15,0,0,3.83,0.68,72.93,0,28.88888889,15,-4.030118297,-24.50462672,0.748771528
2010,7,16,4.87,0,4.08,0.72,73,0,30.55555556,16.11111111,-4.030118297,-24.50462672,0.7012625
2010,7,17,0.03,0,3.57,0.63,69.94,0,27.77777778,18.33333333,-4.030118297,-24.50462672,0.88685
2010,7,18,0.03,0,4,0.71,66.67,0,30,19.44444444,-4.030118297,-24.50462672,0.622788194
2010,7,19,0.01,0,3.24,0.71,64.03,0,30,20,-4.030118297,-24.50462672,0.624075694
2010,7,20,4.59,0,2.3,0.66,65.67,0,28.88888889,15.55555556,-4.78878496,-23.97771064,0.758486806
2010,7,21,7.61,0,3.49,0.62,69.18,0,27.22222222,17.22222222,-4.78878496,-23.97771064,0.815895833
2010,7,22,0,0,3.91,0.69,65.99,0,30,16.66666667,-4.78878496,-23.97771064,0.709871528
2010,7,23,0.01,0,3.74,0.66,63.08,0,28.88888889,18.88888889,-4.78878496,-23.97771064,0.656251389
2010,7,24,0.08,0,4.15,0.75,60.04,0,32.77777778,20,-2.979500398,-17.68852426,0.603196528
2010,7,25,2.01,0,3.06,0.74,58.95,0,31.66666667,20.55555556,-2.979500398,-17.68852426,0.661621528
2010,7,26,0,0,2.14,0.59,57.33,0,26.66666667,12.22222222,-2.979500398,-17.68852426,0.683167361
2010,7,27,0,0,1.69,0.59,56,0,26.66666667,11.66666667,-2.979500398,-17.68852426,0.605288194
2010,7,28,0.01,0,1.41,0.63,54.85,0,28.33333333,15,-2.979500398,-17.68852426,0.653190278
2010,7,29,3.12,0,1.15,0.69,56.13,0,30,19.44444444,-2.979500398,-17.68852426,0.677589583
2010,7,30,0,0,3.49,0.62,53.82,0,27.77777778,10,-2.979500398,-17.68852426,0.557428472
2010,7,31,0,0,3.06,0.54,51.87,0,25,10,-2.979500398,-17.68852426,0.586422917
2010,8,1,0.03,0,3,0.57,50.02,0,26.11111111,13.88888889,-2.979500398,-17.68852426,0.569227083
2010,8,2,0,0,2.43,0.57,48.5,0,26.11111111,15.55555556,-3.648388715,-13.40264236,0.680438889
2010,8,3,1.22,0,1.84,0.54,47.93,0,25,17.77777778,-2.610599519,-14.49068246,0.74115625
2010,8,4,2.1,0,1.94,0.63,47.7,0,28.33333333,18.33333333,-2.610599519,-14.49068246,0.841773611
2010,8,5,0.16,0,2.12,0.72,46.4,0,31.66666667,18.88888889,-4.511967906,-33.0913588,0.766676389
2010,8,6,1.99,0,1.31,0.6,46.48,0,27.77777778,17.22222222,-4.511967906,-33.0913588,0.721209722
2010,8,7,0,0,3.06,0.54,44.79,0,25.55555556,12.22222222,-4.511967906,-33.0913588,0.631399306
2010,8,8,0,0,3.06,0.54,43.17,0,25.55555556,9.444444444,-4.511967906,-33.0913588,0.586388889
2010,8,9,0,0,3.19,0.63,41.51,0,28.88888889,12.22222222,-4.511967906,-33.0913588,0.5327625
2010,8,10,0,0,2.81,0.71,40.04,0,31.66666667,16.66666667,-4.511967906,-33.0913588,0.508424306
2010,8,11,0,0,2.02,0.68,38.95,0,30.55555556,15.55555556,-4.511967906,-33.0913588,0.632624306
2010,8,12,17.38,0,1.57,0.71,54.06,0,31.66666667,17.77777778,-4.511967906,-33.0913588,0.645874306
2010,8,13,0.57,0,2.64,0.47,52.67,0,23.33333333,16.66666667,-4.511967906,-33.0913588,0.860805556
2010,8,14,0,0,2.38,0.42,51.18,0,21.11111111,17.22222222,-4.511967906,-33.0913588,0.70315
2010,8,15,9.24,0,2.64,0.47,57.32,0,23.33333333,17.77777778,-4.511967906,-33.0913588,0.747749306
2010,8,16,0,0,2.98,0.53,55.3,0,25.55555556,18.88888889,-4.511967906,-33.0913588,0.881329861
2010,8,17,0,0,3.4,0.6,53.08,0,28.33333333,11.66666667,-4.511967906,-33.0913588,0.614806944
2010,8,18,0,0,3.15,0.56,51.1,0,27.22222222,12.22222222,-4.511967906,-33.0913588,0.545448611
2010,8,19,0,0,2.88,0.51,49.35,0,25.55555556,12.22222222,-4.511967906,-33.0913588,0.785227778
2010,8,20,0,0,2.88,0.62,47.62,0,29.44444444,13.33333333,-4.511967906,-33.0913588,0.613063889
2010,8,21,4.35,0,2.33,0.63,49.01,0,30,14.44444444,-4.511967906,-33.0913588,0.586204167
2010,8,22,47.41,2.46,3.15,0.56,90.25,0.01,27.22222222,17.77777778,-4.511967906,-33.0913588,0.766509028
2010,8,23,2,0,2.89,0.51,88.96,0,25.55555556,14.44444444,-4.511967906,-33.0913588,0.746517361
2010,8,24,0.53,0,1.96,0.35,87.36,0,18.88888889,13.88888889,-4.511967906,-33.0913588,0.856191667
2010,8,25,0.85,0,2.13,0.38,85.89,0,20.55555556,13.88888889,-4.511967906,-33.0913588,0.834868056
2010,8,26,0.12,0,2.64,0.47,83.31,0,24.44444444,13.33333333,-4.511967906,-33.0913588,0.715672222
2010,8,27,0.95,0,2.47,0.44,81.66,0,23.33333333,5.555555556,-4.511967906,-33.0913588,0.629888889
2010,8,28,0,0,2.64,0.47,79.1,0,24.44444444,6.111111111,-4.511967906,-33.0913588,0.617971528
2010,8,29,0,0,2.89,0.51,76.39,0,26.66666667,9.444444444,-4.511967906,-33.0913588,0.638414583
2010,8,30,0,0,3.66,0.65,73.1,0,31.11111111,11.11111111,-4.511967906,-33.0913588,0.627006944
2010,8,31,0,0,3.66,0.65,69.94,0,31.11111111,13.33333333,-4.511967906,-33.0913588,0.658209722
2010,9,1,0,0,3.66,0.65,66.92,0,31.66666667,13.88888889,-4.511967906,-33.0913588,0.623909028
2010,9,2,0,0,3.66,0.65,64.04,0,31.66666667,14.44444444,-4.511967906,-33.0913588,0.612982639
2010,9,3,0.06,0,4,0.71,61.06,0,33.33333333,13.88888889,-4.511967906,-33.0913588,0.571039583
2010,9,4,0,0,3.74,0.66,58.37,0,32.22222222,12.22222222,-4.511967906,-33.0913588,0.538376389
2010,9,5,0,0,1.96,0.35,57.01,0,20,6.666666667,-4.511967906,-33.0913588,0.612314583
2010,9,6,0,0,2.04,0.36,55.62,0,21.11111111,3.888888889,-4.511967906,-33.0913588,0.621572222
2010,9,7,0.02,0,2.55,0.45,53.95,0,25,8.333333333,-4.511967906,-33.0913588,0.522867361
2010,9,8,0,0,3.31,0.63,51.81,0,31.66666667,16.11111111,-4.511967906,-33.0913588,0.373678472
2010,9,9,0,0,1.68,0.41,50.72,0,23.33333333,10,-4.511967906,-33.0913588,0.545358333
2010,9,10,0.02,0,1.17,0.33,49.95,0,20,11.11111111,-7.514626445,-53.05824725,0.611183333
2010,9,11,2.02,0,1.08,0.35,50.55,0,21.11111111,3.333333333,-6.124993177,-37.63514809,0.647920139
2010,9,12,4.59,0,2.04,0.36,52.74,0,21.66666667,7.777777778,-6.124993177,-37.63514809,0.663611806
2010,9,13,0.03,0,1.96,0.35,51.52,0,21.11111111,6.666666667,-6.124993177,-37.63514809,0.903732639
2010,9,14,0,0,2.47,0.44,50.01,0,25.55555556,7.222222222,-6.124993177,-37.63514809,0.513313194
2010,9,15,0,0,2.13,0.38,48.75,0,22.77777778,6.111111111,-6.124993177,-37.63514809,0.504072917
2010,9,16,25.6,0.06,2.07,0.38,71.84,0,23.33333333,8.333333333,-6.124993177,-37.63514809,0.479423611
2010,9,17,0.49,0,1.45,0.26,70.95,0,17.22222222,11.11111111,-6.124993177,-37.63514809,0.877354167
2010,9,18,0.06,0,1.36,0.24,69.84,0,16.66666667,6.111111111,-6.124993177,-37.63514809,0.794602778
2010,9,19,0.21,0,2.21,0.39,68.15,0,23.88888889,8.333333333,-6.124993177,-37.63514809,0.737532639
2010,9,20,0,0,2.47,0.44,66.15,0,26.11111111,7.777777778,-6.124993177,-37.63514809,0.653000694
2010,9,21,0,0,1.7,0.3,64.81,0,20.55555556,2.777777778,-6.124993177,-37.63514809,0.570804861
2010,9,22,0.13,0,2.13,0.38,63.25,0,23.88888889,10,-6.124993177,-37.63514809,0.565622917
2010,9,23,0,0,3.06,0.54,60.96,0,30,12.77777778,-6.124993177,-37.63514809,0.776975694
2010,9,24,0,0,2.72,0.48,58.99,0,28.33333333,14.44444444,-6.124993177,-37.63514809,0.709309722
2010,9,25,0,0,3.06,0.54,56.85,0,30.55555556,14.44444444,-6.124993177,-37.63514809,0.453150694
2010,9,26,0.07,0,2.04,0.36,55.51,0,23.88888889,5.555555556,-6.124993177,-37.63514809,0.582583333
2010,9,27,23.74,0.11,1.28,0.23,77.64,0,17.22222222,6.111111111,-6.124993177,-37.63514809,0.721386111
2010,9,28,4.76,0,1.36,0.24,80.8,0,18.33333333,11.66666667,-6.124993177,-37.63514809,0.897852778
2010,9,29,0.11,0,1.79,0.32,79.17,0,22.22222222,8.333333333,-7.043952077,-43.32751595,0.729556944
2010,9,30,71.02,18.95,1.28,0.23,97.5,32.24,17.22222222,8.888888889,-7.043952077,-43.32751595,0.8186125
2010,10,1,3.15,0,1.11,0.2,97.5,1.85,16.11111111,10.55555556,-7.043952077,-43.32751595,0.822514583
2010,10,2,0,0,1.36,0.24,95.91,0,18.88888889,1.111111111,-7.043952077,-43.32751595,0.652490972
2010,10,3,0.8,0,1.11,0.2,95.42,0,16.66666667,3.888888889,-7.043952077,-43.32751595,0.575476389
2010,10,4,5.39,0,1.02,0.18,97.5,2.11,15.55555556,5,-7.043952077,-43.32751595,0.671997917
2010,10,5,2.13,0,0.42,0.07,97.5,1.64,7.777777778,5.555555556,-7.043952077,-43.32751595,0.84309375
2010,10,6,1.53,0,0.43,0.08,97.5,1.02,8.333333333,5.555555556,-7.043952077,-43.32751595,0.834286111
2010,10,7,0.14,0,0.49,0.09,97.06,0,9.444444444,6.666666667,-7.043952077,-43.32751595,0.7865875
2010,10,8,0,0,1.28,0.23,95.58,0,18.33333333,2.777777778,-7.043952077,-43.32751595,0.583420833
2010,10,9,0.69,0,1.53,0.27,94.5,0,21.11111111,5.555555556,-7.043952077,-43.32751595,0.433967361
2010,10,10,0,0,1.7,0.3,92.58,0,22.77777778,2.777777778,-7.043952077,-43.32751595,0.580784722
2010,10,11,0.8,0,1.95,0.35,91.17,0,25,4.444444444,-7.043952077,-43.32751595,0.569088194
2010,10,12,5.24,0,1.73,0.33,94.35,0,24.44444444,10.55555556,-7.043952077,-43.32751595,0.51778125
2010,10,13,0.4,0,1.36,0.24,93.2,0,20,-1.666666667,-7.043952077,-43.32751595,0.51778125
2010,10,14,1.48,0,1.02,0.18,93.48,0,16.66666667,0,-7.043952077,-43.32751595,0.51778125
2010,10,15,0.48,0,0.56,0.1,93.31,0,11.66666667,3.333333333,-7.043952077,-43.32751595,0.51778125
2010,10,16,0.07,0,0.67,0.12,92.62,0,13.33333333,3.888888889,-7.043952077,-43.32751595,0.51778125
2010,10,17,0,0,0.8,0.14,91.73,0,15,2.222222222,-8.302999086,-54.64939497,0.51778125
2010,10,18,0.87,0,1.11,0.2,91.33,0,18.33333333,0,-7.654214173,-53.87731113,0.51778125
2010,10,19,1.59,0,0.37,0.06,92.49,0,9.444444444,1.111111111,-7.654214173,-53.87731113,0.51778125
2010,10,20,0,0,0.59,0.1,91.84,0,12.77777778,-1.111111111,-7.654214173,-53.87731113,0.51778125
2010,10,21,0.08,0,0.76,0.13,91.08,0,15,-0.555555556,-7.654214173,-53.87731113,0.51778125
2010,10,22,0.7,0,0.56,0.1,91.12,0,12.77777778,0.555555556,-7.654214173,-53.87731113,0.51778125
2010,10,23,0,0,0.36,0.06,90.73,0,10,1.111111111,-7.654214173,-53.87731113,0.51778125
2010,10,24,0,0,1.19,0.21,89.43,0,20,5,-0.189459437,6.47314853,0.51778125
2010,10,25,2.68,0,1.53,0.27,90.31,0,22.77777778,10.55555556,-0.189459437,6.47314853,0.51778125
2010,10,26,0,0,1.28,0.23,88.93,0,20.55555556,12.22222222,-0.189459437,6.47314853,0.51778125
2010,10,27,9.4,0,1.02,0.18,97.13,0,18.88888889,8.888888889,-0.189459437,6.47314853,0.51778125
2010,10,28,0,0,1.11,0.2,95.85,0,19.44444444,8.888888889,-0.189459437,6.47314853,0.51778125
2010,10,29,0.14,0,0.77,0.14,95.1,0,16.11111111,3.888888889,-0.189459437,6.47314853,0.51778125
2010,10,30,0,0,0.26,0.05,94.81,0,9.444444444,-1.666666667,-0.189459437,6.47314853,0.51778125
2010,10,31,0,0,0.51,0.09,94.23,0,13.33333333,0.555555556,-0.189459437,6.47314853,0.51778125
2010,11,1,0,0,0.31,0.05,93.88,0,10.55555556,-4.444444444,-0.189459437,6.47314853,0.51778125
2010,11,2,0,0,0.14,0.02,93.73,0,7.777777778,-7.777777778,-0.189459437,6.47314853,0.51778125
2010,11,3,0,0,0.16,0.03,93.54,0,8.333333333,-7.777777778,-8.514587278,-59.04049377,0.51778125
2010,11,4,10.68,0.14,0.28,0.05,97.5,6.25,10.55555556,-0.555555556,-8.514587278,-59.04049377,0.51778125
2010,11,5,1.49,0,0.01,0,97.5,1.47,5.555555556,2.777777778,-8.514587278,-59.04049377,0.51778125
2010,11,6,0.16,0,0.03,0.01,97.5,0.12,6.111111111,0.555555556,-8.514587278,-59.04049377,0.51778125
2010,11,7,0,0,0,0,97.5,0,5.555555556,-3.888888889,-8.514587278,-59.04049377,0.51778125
2010,11,8,0,0,0.07,0.01,97.42,0,7.222222222,-3.888888889,-8.514587278,-59.04049377,0.51778125
2010,11,9,0,0,0.31,0.06,97.05,0,11.66666667,-2.222222222,-8.514587278,-59.04049377,0.51778125
2010,11,10,0,0,0.43,0.08,96.55,0,13.33333333,-1.111111111,-8.514587278,-59.04049377,0.51778125
2010,11,11,0,0,0.55,0.1,95.91,0,15,-3.888888889,-8.514587278,-59.04049377,0.51778125
2010,11,12,0,0,0.69,0.12,95.12,0,16.66666667,-4.444444444,-8.514587278,-59.04049377,0.51778125
2010,11,13,0,0,0.63,0.11,94.4,0,16.11111111,-5,-8.514587278,-59.04049377,0.51778125
2010,11,14,0.29,0,0.62,0.11,93.98,0,16.11111111,-3.888888889,-8.514587278,-59.04049377,0.51778125
2010,11,15,1.42,0,0.52,0.09,94.79,0,15,1.111111111,-5.04924121,-45.65273272,0.51778125
2010,11,16,13.59,0.51,0.51,0.09,97.5,9.77,15,1.111111111,-5.04924121,-45.65273272,0.51778125
2010,11,17,8.35,0.07,0.23,0.04,97.5,8.01,11.11111111,5.555555556,-5.04924121,-45.65273272,0.51778125
2010,11,18,0.2,0,0.03,0.01,97.5,0.16,7.777777778,1.666666667,-5.04924121,-45.65273272,0.51778125
2010,11,19,0.46,0,0,0,97.5,0.46,4.444444444,0,-5.04924121,-45.65273272,0.51778125
2010,11,20,0,0,0,0,97.5,0,6.666666667,-0.555555556,-5.04924121,-45.65273272,0.51778125
2010,11,21,0,0,0.02,0,97.48,0,7.777777778,-2.777777778,-5.04924121,-45.65273272,0.51778125
2010,11,22,0,0,0.07,0.01,97.39,0,8.888888889,-2.222222222,-5.04924121,-45.65273272,0.51778125
2010,11,23,0.03,0,0.52,0.09,96.82,0,15.55555556,7.222222222,-5.04924121,-45.65273272,0.51778125
2010,11,24,0,0,0.47,0.08,96.27,0,15,-1.666666667,-10.02630872,-67.99405323,0.51778125
2010,11,25,17.14,1.5,0,0,97.5,14.41,4.444444444,-1.111111111,-7.325770243,-53.46021852,0.51778125
2010,11,26,7.69,0.05,0,0,97.5,7.64,7.777777778,0,-7.325770243,-53.46021852,0.51778125
2010,11,27,0,0,0,0,97.5,0,2.777777778,-3.333333333,-7.325770243,-53.46021852,0.51778125
2010,11,28,0,0,0,0,97.5,0,-0.555555556,-3.333333333,-7.325770243,-53.46021852,0.51778125
2010,11,29,0,0,0,0,97.5,0,4.444444444,-5,-7.347505729,-39.53392709,0.51778125
2010,11,30,33.1,8.03,0,0,97.5,25.07,6.111111111,-2.222222222,-4.13406816,-14.47065203,0.51778125
2010,12,1,31.43,7,0.25,0.17,97.5,24.01,13.33333333,3.888888889,-4.13406816,-14.47065203,0.51778125
2010,12,2,0.02,0,0,0,97.5,0.02,3.888888889,-5,-4.13406816,-14.47065203,0.708573276
2010,12,3,0,0,0,0,97.5,0,-2.222222222,-5.555555556,-4.13406816,-14.47065203,0.685347917
2010,12,4,0.1,0,0,0,97.5,0.1,-1.666666667,-5.555555556,-4.13406816,-14.47065203,0.72283125
2010,12,5,0,0,0,0,97.5,0,-1.666666667,-6.666666667,-4.13406816,-14.47065203,0.651248611
2010,12,6,0.04,0,0,0,97.5,0.04,-2.222222222,-6.111111111,-4.13406816,-14.47065203,0.636747917
2010,12,7,0,0,0,0,97.5,0,-3.888888889,-7.777777778,-4.13406816,-14.47065203,0.676409722
2010,12,8,0.1,0,0,0,97.5,0.1,-5,-9.444444444,-4.13406816,-14.47065203,0.630589583
2010,12,9,0,0,0,0,97.5,0,-4.444444444,-10.55555556,-4.13406816,-14.47065203,0.622974306
2010,12,10,0,0,0,0,97.5,0,-3.333333333,-12.77777778,-4.13406816,-14.47065203,0.604031944
2010,12,11,1.4,0,0,0,97.5,1.4,-1.111111111,-6.666666667,-4.13406816,-14.47065203,0.808378472
2010,12,12,11.56,0.46,0,0,97.5,11.1,5.555555556,-6.111111111,-4.13406816,-14.47065203,0.771295833
2010,12,13,0.19,0,0,0,97.5,0.19,3.333333333,-6.666666667,-4.13406816,-14.47065203,0.774820139
2010,12,14,0,0,0,0,97.5,0,-6.666666667,-12.77777778,-4.13406816,-14.47065203,0.578509028
2010,12,15,0.28,0,0,0,97.5,0.28,-8.333333333,-12.22222222,-4.13406816,-14.47065203,0.629379861
2010,12,16,0,0,0,0,97.5,0,-6.111111111,-12.22222222,-4.13406816,-14.47065203,0.663570833
2010,12,17,0,0,0,0,97.5,0,-6.111111111,-15.55555556,-4.13406816,-14.47065203,0.67086875
2010,12,18,0,0,0,0,97.5,0,-3.333333333,-8.888888889,-4.13406816,-14.47065203,0.628239583
2010,12,19,0,0,0,0,97.5,0,-2.777777778,-15,-4.13406816,-14.47065203,0.726675
2010,12,20,0.06,0,0,0,97.5,0.06,-3.888888889,-10.55555556,-4.13406816,-14.47065203,0.685936806
2010,12,21,0,0,0,0,97.5,0,-3.888888889,-7.222222222,-4.13406816,-14.47065203,0.683384028
2010,12,22,0.01,0,0,0,97.5,0.01,-0.555555556,-6.666666667,-4.13406816,-14.47065203,0.552401389
2010,12,23,0.07,0,0,0,97.5,0.07,0.555555556,-6.111111111,-4.13406816,-14.47065203,0.606614583
2010,12,24,0,0,0,0,97.5,0,-1.111111111,-6.666666667,-4.13406816,-14.47065203,0.611218056
2010,12,25,0.03,0,0,0,97.5,0.03,-2.222222222,-6.666666667,-4.13406816,-14.47065203,0.651083333
2010,12,26,0,0,0,0,97.5,0,-3.333333333,-10,-4.13406816,-14.47065203,0.720455556
2010,12,27,0.03,0,0,0,97.5,0.03,-5,-10.55555556,-4.13406816,-14.47065203,0.576793056
2010,12,28,0,0,0,0,97.5,0,-5,-11.11111111,-4.13406816,-14.47065203,0.608274306
2010,12,29,0,0,0,0,97.5,0,-1.666666667,-8.333333333,-4.13406816,-14.47065203,0.5801625
2010,12,30,0.02,0,0,0,97.5,0.02,2.222222222,-10,-4.13406816,-14.47065203,0.731004167
2010,12,31,0,0,0,0,97.5,0,2.777777778,-9.444444444,-4.590727976,-45.77256256,0.733504167
2011,1,1,1.45,0,0.1,0.07,97.5,1.28,10.55555556,-0.555555556,-2.860802921,-26.4077308,0.78155625
2011,1,2,0,0,0.1,0.07,97.33,0,10.55555556,-0.555555556,-2.860802921,-26.4077308,0.806386806
2011,1,3,0,0,0,0,97.33,0,1.666666667,-10,-2.860802921,-26.4077308,0.521352083
2011,1,4,0,0,0,0,97.33,0,-1.111111111,-10,-2.860802921,-26.4077308,0.481152778
2011,1,5,0,0,0,0,97.33,0,3.888888889,-5.555555556,-19.56680425,-159.4384671,0.532330556
2011,1,6,0,0,0,0,97.33,0,-3.333333333,-12.22222222,-22.42375038,-163.2423092,0.673713194
2011,1,7,0,0,0,0,97.33,0,-3.333333333,-11.66666667,-22.42375038,-163.2423092,0.753149306
2011,1,8,0,0,0,0,97.33,0,-4.444444444,-10.55555556,-22.42375038,-163.2423092,0.751079167
2011,1,9,0,0,0,0,97.33,0,-6.666666667,-11.11111111,-22.42375038,-163.2423092,0.669642361
2011,1,10,0,0,0,0,97.33,0,-4.444444444,-11.11111111,-22.42375038,-163.2423092,0.632404861
2011,1,11,0,0,0,0,97.33,0,-5,-16.11111111,-22.42375038,-163.2423092,0.744636111
2011,1,12,0,0,0,0,97.33,0,-5.555555556,-13.33333333,-22.42375038,-163.2423092,0.812120833
2011,1,13,0,0,0,0,97.33,0,-5.555555556,-10.55555556,-22.42375038,-163.2423092,0.640339583
2011,1,14,0,0,0,0,97.33,0,-4.444444444,-10.55555556,-22.42375038,-163.2423092,0.671479167
2011,1,15,0,0,0,0,97.33,0,-4.444444444,-10,-22.42375038,-163.2423092,0.679677083
2011,1,16,1.75,0,0,0,97.5,1.58,0,-7.222222222,-22.42375038,-163.2423092,0.587704167
2011,1,17,0,0,0,0,97.5,0,-5,-12.22222222,-22.42375038,-163.2423092,0.560123611
2011,1,18,0,0,0,0,97.5,0,-5.555555556,-12.77777778,-22.42375038,-163.2423092,0.759506944
2011,1,19,13.03,0.71,0,0,97.5,12.32,4.444444444,-5.555555556,-22.42375038,-163.2423092,0.864167361
2011,1,20,2.4,0,0,0,97.5,2.4,0,-6.666666667,-22.42375038,-163.2423092,0.716189583
2011,1,21,0,0,0,0,97.5,0,-3.888888889,-8.333333333,-22.42375038,-163.2423092,0.761227778
2011,1,22,0,0,0,0,97.5,0,-8.333333333,-21.66666667,-22.42375038,-163.2423092,0.584129167
2011,1,23,0,0,0,0,97.5,0,-8.333333333,-21.66666667,-22.42375038,-163.2423092,0.555861806
2011,1,24,0,0,0,0,97.5,0,-7.777777778,-25,-22.42375038,-163.2423092,0.47115625
2011,1,25,1.31,0,0,0,97.5,1.31,-2.777777778,-24.44444444,-22.42375038,-163.2423092,0.581113194
2011,1,26,3.97,0,0,0,97.5,3.97,1.111111111,-6.111111111,-22.42375038,-163.2423092,0.790444444
2011,1,27,0,0,0,0,97.5,0,-1.666666667,-5.555555556,-22.42375038,-163.2423092,0.807028472
2011,1,28,0,0,0,0,97.5,0,-2.222222222,-6.111111111,-22.42375038,-163.2423092,0.762476389
2011,1,29,0,0,0,0,97.5,0,-1.111111111,-7.777777778,-22.42375038,-163.2423092,0.776599306
2011,1,30,0,0,0,0,97.5,0,-2.777777778,-6.666666667,-22.42375038,-163.2423092,0.784670833
2011,1,31,0,0,0,0,97.5,0,-1.666666667,-17.22222222,-22.42375038,-163.2423092,0.634596528
2011,2,1,0,0,0,0,97.5,0,-3.888888889,-17.22222222,-22.42375038,-163.2423092,0.67124375
2011,2,2,1.01,0,0,0,97.5,1.01,-0.555555556,-4.444444444,-22.42375038,-163.2423092,0.920226277
2011,2,3,20.81,2.79,0,0,97.5,18.02,4.444444444,-10.55555556,-22.42375038,-163.2423092,0.630074419
2011,2,4,0,0,0,0,97.5,0,-3.333333333,-11.11111111,-22.42375038,-163.2423092,0.581197917
2011,2,5,10.65,0.33,0,0,97.5,10.32,1.111111111,-10.55555556,-22.42375038,-163.2423092,0.622630556
2011,2,6,1.04,0,0,0,97.5,1.04,1.111111111,-3.333333333,-22.42375038,-163.2423092,0.786975694
2011,2,7,4.6,0,0,0,97.5,4.6,0.555555556,-3.333333333,-22.42375038,-163.2423092,0.708065278
2011,2,8,1.1,0,0,0,97.5,1.1,2.222222222,-7.777777778,-22.42375038,-163.2423092,0.782742361
2011,2,9,0,0,0,0,97.5,0,-6.666666667,-16.11111111,-22.42375038,-163.2423092,0.485509028
2011,2,10,0,0,0,0,97.5,0,-5.555555556,-15,-22.42375038,-163.2423092,0.458095139
2011,2,11,0,0,0,0,97.5,0,-7.222222222,-15.55555556,-22.42375038,-163.2423092,0.451915278
2011,2,12,0,0,0,0,97.5,0,-1.111111111,-10.55555556,-22.42375038,-163.2423092,0.416311111
2011,2,13,0,0,0,0,97.5,0,-0.555555556,-9.444444444,-22.42375038,-163.2423092,0.514708333
2011,2,14,0,0,0.21,0.14,97.16,0,7.777777778,-2.777777778,-22.42375038,-163.2423092,0.425615278
2011,2,15,0,0,0.21,0.14,96.81,0,7.777777778,-9.444444444,-22.42375038,-163.2423092,0.563890972
2011,2,16,0,0,0.02,0.01,96.77,0,2.222222222,-9.444444444,-22.42375038,-163.2423092,0.341204861
2011,2,17,0,0,0.33,0.22,96.23,0,10,-1.111111111,-22.42375038,-163.2423092,0.45710625
2011,2,18,0,0,0.63,0.43,95.19,0,15,6.111111111,-22.42375038,-163.2423092,0.483594444
2011,2,19,0,0,0.69,0.5,94.05,0,16.66666667,-0.555555556,-4.047144153,-6.535855606,0.314740278
2011,2,20,1.85,0,0,0,95.9,0,-0.555555556,-7.777777778,-1.969684551,2.797393718,0.5335125
2011,2,21,19.15,1.93,0.12,0.07,97.5,15.42,3.888888889,-8.333333333,-1.969684551,2.797393718,0.693419444
2011,2,22,0,0,0,0,97.5,0,-1.111111111,-12.22222222,-1.969684551,2.797393718,0.771983333
2011,2,23,1.67,0,0.01,0.01,97.5,1.65,0,-17.77777778,-0.674491286,-2.576201231,0.636013889
2011,2,24,2.33,0,0.15,0.1,97.5,2.08,4.444444444,-17.22222222,-0.674491286,-2.576201231,0.550010417
2011,2,25,21.6,2.99,0.12,0.08,97.5,18.4,3.333333333,-1.111111111,-0.674491286,-2.576201231,0.824747222
2011,2,26,0,0,0.1,0.06,97.34,0,2.222222222,-8.333333333,-0.674491286,-2.576201231,0.690574306
2011,2,27,0,0,0.08,0.05,97.21,0,1.666666667,-7.222222222,-0.674491286,-2.576201231,0.606468056
2011,2,28,15.5,1.08,0.35,0.23,97.5,13.55,8.333333333,-0.555555556,-0.674491286,-2.576201231,0.691694444
2011,3,1,0,0,0.55,0.36,96.59,0,11.66666667,-7.222222222,-0.674491286,-2.576201231,0.648584722
2011,3,2,0,0,0.21,0.14,96.24,0,5,-7.222222222,-0.674491286,-2.576201231,0.465620139
2011,3,3,0,0,0.26,0.18,95.81,0,6.111111111,-13.88888889,-0.674491286,-2.576201231,0.422717361
2011,3,4,0,0,0.08,0.06,95.67,0,0.555555556,-13.88888889,-0.985344269,-1.315398547,0.327513194
2011,3,5,5.5,0,0.19,0.14,97.5,3.34,3.888888889,-3.333333333,-8.436199369,-51.46362319,0.527532639
2011,3,6,43.7,13.23,0.67,0.44,97.5,29.37,12.77777778,2.777777778,-8.436199369,-51.46362319,0.82660625
2011,3,7,9.6,0.14,0.39,0.26,97.5,8.81,7.777777778,-8.888888889,-8.436199369,-51.46362319,0.835968571
2011,3,8,0,0,0.25,0.16,97.09,0,4.444444444,-8.888888889,-8.436199369,-51.46362319,0.548679861
2011,3,9,5.4,0,0.28,0.18,97.5,4.53,5,-5.555555556,-8.436199369,-51.46362319,0.390450694
2011,3,10,29.1,5.92,0.25,0.16,97.5,22.77,3.888888889,-0.555555556,-8.436199369,-51.46362319,0.895222222
2011,3,11,1.1,0,0.45,0.3,97.5,0.35,8.333333333,-1.111111111,-8.436199369,-51.46362319,0.831806944
2011,3,12,0,0,0.17,0.11,97.23,0,1.111111111,-2.222222222,-8.436199369,-51.46362319,0.678297917
2011,3,13,0,0,0.68,0.45,96.11,0,12.22222222,-2.222222222,-8.436199369,-51.46362319,0.504453472
2011,3,14,0,0,0.23,0.16,95.73,0,2.777777778,-1.666666667,-8.436199369,-51.46362319,0.640045833
2011,3,15,4.2,0,0.36,0.25,97.5,1.82,6.111111111,-3.888888889,-8.436199369,-51.46362319,0.551565972
2011,3,16,4.9,0,0.42,0.27,97.5,4.21,6.666666667,-2.777777778,-8.436199369,-51.46362319,0.782877083
2011,3,17,0,0,0.48,0.32,96.71,0,7.777777778,1.666666667,-8.436199369,-51.46362319,0.772640972
2011,3,18,0,0,1.06,0.72,94.95,0,16.66666667,3.888888889,-8.436199369,-51.46362319,0.475269444
2011,3,19,0,0,1.36,0.99,92.69,0,21.11111111,0,-8.436199369,-51.46362319,0.394277778
2011,3,20,0,0,0.49,0.4,91.86,0,9.444444444,-6.666666667,-8.436199369,-51.46362319,0.526014583
2011,3,21,7.1,0,0.45,0.38,97.5,0.63,8.888888889,-5.555555556,-8.436199369,-51.46362319,0.618034028
2011,3,22,1.3,0,1.58,1.04,96.19,0,21.11111111,2.777777778,-8.436199369,-51.46362319,0.593922917
2011,3,23,27.4,4.47,0.72,0.5,97.5,20.41,11.11111111,-1.111111111,-8.436199369,-51.46362319,0.731318056
2011,3,24,1.1,0,0.24,0.16,97.5,0.7,0.555555556,-1.666666667,-8.436199369,-51.46362319,0.916945139
2011,3,25,0,0,0.32,0.21,96.97,0,2.777777778,-8.888888889,-8.436199369,-51.46362319,0.603146528
2011,3,26,0,0,0.28,0.19,96.5,0,1.666666667,-10,-8.436199369,-51.46362319,0.475227778
2011,3,27,0,0,0.31,0.21,95.98,0,2.222222222,-8.888888889,-8.436199369,-51.46362319,0.373396528
2011,3,28,0,0,0.37,0.26,95.36,0,3.888888889,-11.11111111,-8.436199369,-51.46362319,0.340344444
2011,3,29,0,0,0.39,0.28,94.71,0,4.444444444,-9.444444444,-8.436199369,-51.46362319,0.391450694
2011,3,30,5,0,0.51,0.38,97.5,1.32,7.222222222,-8.333333333,-8.436199369,-51.46362319,0.341511806
2011,3,31,0.7,0,0.5,0.32,97.38,0,5.555555556,-6.111111111,-8.436199369,-51.46362319,0.846958333
2011,4,1,1.5,0,0.31,0.21,97.5,0.86,1.111111111,-1.111111111,-8.436199369,-51.46362319,0.907810417
2011,4,2,0,0,0.41,0.27,96.82,0,3.333333333,-3.888888889,-8.436199369,-51.46362319,0.681616667
2011,4,3,1.9,0,0.67,0.45,97.5,0.1,8.888888889,-2.777777778,-8.436199369,-51.46362319,0.498377083
2011,4,4,11.3,0.27,0.69,0.45,97.5,9.89,8.888888889,1.111111111,-8.436199369,-51.46362319,0.566163194
2011,4,5,9.6,0.04,1.24,0.81,97.5,7.51,16.11111111,1.666666667,-8.436199369,-51.46362319,0.760595833
2011,4,6,0.4,0,0.38,0.27,97.24,0,2.222222222,-2.777777778,-8.436199369,-51.46362319,0.616583333
2011,4,7,0,0,0.53,0.42,96.3,0,6.111111111,0,-8.436199369,-51.46362319,0.761683333
2011,4,8,26,3.87,0.74,0.68,97.5,19.51,11.11111111,2.222222222,-8.436199369,-51.46362319,0.718067361
2011,4,9,0,0,0.4,0.39,96.71,0,3.888888889,2.222222222,-8.436199369,-51.46362319,0.886561111
2011,4,10,0,0,0.52,0.57,95.64,0,7.777777778,2.777777778,-8.436199369,-51.46362319,0.901190972
2011,4,11,4.3,0,1.17,1.48,97.28,0,20.55555556,7.777777778,-8.436199369,-51.46362319,0.812143056
2011,4,12,9.6,0,1.58,1.91,97.5,5.88,24.44444444,7.222222222,-8.436199369,-51.46362319,0.695809722
2011,4,13,12.1,0.31,0.67,0.96,97.5,10.16,12.22222222,5.555555556,-8.436199369,-51.46362319,0.83815625
2011,4,14,0,0,0.46,0.73,96.32,0,8.333333333,0,-8.436199369,-51.46362319,0.742071528
2011,4,15,0,0,0.85,1.59,93.94,0,18.88888889,1.111111111,-4.100703765,-22.34882502,0.451659722
2011,4,16,22.8,2.2,0.55,1.28,97.5,15.2,15,3.888888889,-4.100703765,-22.34882502,0.669764583
2011,4,17,0.6,0,0.39,0.88,96.82,0,8.333333333,0,-4.100703765,-22.34882502,0.763648611
2011,4,18,0,0,0.47,1.22,95.17,0,12.77777778,0.555555556,-4.100703765,-22.34882502,0.400223611
2011,4,19,11.8,0.14,0.49,1.57,97.5,7.27,16.11111111,3.888888889,-4.100703765,-22.34882502,0.66288125
2011,4,20,0,0,0.43,1.46,95.63,0,13.88888889,6.111111111,-4.100703765,-22.34882502,0.890165278
2011,4,21,0,0,0.54,2.33,92.86,0,21.66666667,2.222222222,-4.100703765,-22.34882502,0.521504167
2011,4,22,5.8,0,0.22,1.28,97.15,0,11.66666667,-1.666666667,-4.100703765,-22.34882502,0.418038194
2011,4,23,4.3,0,0.17,0.86,97.5,2.92,5.555555556,1.111111111,-4.100703765,-22.34882502,0.8865875
2011,4,24,0.1,0,0.32,2.44,94.87,0,20.55555556,5,-4.100703765,-22.34882502,0.708576389
2011,4,25,1.6,0,0.21,2.41,93.88,0,20,10.55555556,-4.100703765,-22.34882502,0.722592361
2011,4,26,18.9,0.76,0.2,3.81,97.5,10.51,27.77777778,14.44444444,-4.100703765,-22.34882502,0.575197222
2011,4,27,1.68,0,0.12,3.9,95.19,0,27.77777778,13.33333333,-4.100703765,-22.34882502,0.788838194
2011,4,28,35.8,6.68,0,3.7,97.5,23.1,26.11111111,15,-4.100703765,-22.34882502,0.666986111
2011,4,29,0,0,0,2.5,95.03,0,18.88888889,5.555555556,-4.100703765,-22.34882502,0.467603472
2011,4,30,0,0,0,1.7,93.39,0,12.22222222,2.777777778,-4.100703765,-22.34882502,0.651484028
2011,5,1,3.8,0,0,2.6,94.59,0,18.88888889,4.444444444,-4.100703765,-22.34882502,0.384815972
2011,5,2,0,0,0,1.8,92.86,0,12.77777778,9.444444444,-4.100703765,-22.34882502,0.856397917
2011,5,3,26.8,2.97,0,2.7,97.5,16.48,19.44444444,11.11111111,-4.100703765,-22.34882502,0.789875
2011,5,4,5.4,0,0,3.2,97.5,2.2,22.77777778,4.444444444,-4.100703765,-22.34882502,0.767997222
2011,5,5,1.17,0,0,1.5,97.17,0,10,0.555555556,-4.100703765,-22.34882502,0.5374375
2011,5,6,0,0,0,2.3,94.91,0,16.66666667,1.111111111,-4.100703765,-22.34882502,0.340548611
2011,5,7,0,0,0,2.8,92.22,0,20,5.555555556,-4.100703765,-22.34882502,0.477808333
2011,5,8,0,0,0,2.6,89.79,0,18.88888889,3.333333333,-4.100703765,-22.34882502,0.633532639
2011,5,9,0,0,0,3,87.07,0,21.11111111,2.777777778,-4.100703765,-22.34882502,0.426392361
2011,5,10,0,0,0,3,84.43,0,21.11111111,1.666666667,-4.100703765,-22.34882502,0.383966667
2011,5,11,0,0,0,3.4,81.54,0,23.33333333,7.777777778,-4.100703765,-22.34882502,0.307296528
2011,5,12,0,0,0,3.8,78.42,0,25.55555556,8.333333333,-1.65261445,-1.882794626,0.484986111
2011,5,13,0,0,0,3.9,75.35,0,26.11111111,12.22222222,-1.65261445,-1.882794626,0.638040972
2011,5,14,1.3,0,0,3.2,73.9,0,22.22222222,14.44444444,-1.65261445,-1.882794626,0.888904861
2011,5,15,17.2,0.04,0,2.4,88.66,0,16.66666667,13.33333333,-1.65261445,-1.882794626,0.930076389
2011,5,16,0.3,0,0,2.8,86.41,0,19.44444444,8.333333333,-1.65261445,-1.882794626,0.887320833
2011,5,17,10.6,0,0,2.5,94.51,0,17.22222222,8.333333333,-1.65261445,-1.882794626,0.829772917
2011,5,18,19.5,1.32,0,2.2,97.5,12.99,15,9.444444444,-1.65261445,-1.882794626,0.8731625
2011,5,19,8.6,0,0,2.7,97.5,5.9,18.88888889,10,-1.65261445,-1.882794626,0.918684028
2011,5,20,11.4,0.11,0,2.8,97.5,8.49,19.44444444,10.55555556,-1.65261445,-1.882794626,0.854117361
2011,5,21,0,0,0,3,94.55,0,20.55555556,7.222222222,-1.65261445,-1.882794626,0.764293056
2011,5,22,0,0,0,4.1,90.65,0,26.66666667,12.77777778,-1.65261445,-1.882794626,0.718008333
2011,5,23,32.3,4.15,0,3.4,97.5,17.9,22.77777778,13.88888889,-1.65261445,-1.882794626,0.863325694
2011,5,24,0,0,0,3.6,93.97,0,23.88888889,16.66666667,-1.65261445,-1.882794626,0.773954167
2011,5,25,0,0,0,3.5,90.65,0,23.33333333,12.77777778,-1.65261445,-1.882794626,0.69426875
2011,5,26,12.3,0,0,4.1,97.5,1.35,26.66666667,14.44444444,-1.65261445,-1.882794626,0.628679861
2011,5,27,24.1,2.36,0,4.6,97.5,17.14,29.44444444,14.44444444,-1.65261445,-1.882794626,0.723677083
2011,5,28,1.4,0,0,3.6,95.32,0,23.88888889,15,-1.65261445,-1.882794626,0.838527778
2011,5,29,0.1,0,0,4,91.59,0,26.11111111,17.77777778,-1.65261445,-1.882794626,0.728901389
2011,5,30,0,0,0,4.9,87.1,0,30.55555556,20,-1.65261445,-1.882794626,0.666995139
2011,5,31,0,0,0,5,82.74,0,31.66666667,16.66666667,-1.65261445,-1.882794626,0.626011806
2011,6,1,0,0,0,5,78.61,0,32.22222222,20.55555556,-1.65261445,-1.882794626,0.660729167
2011,6,2,0,0,0,4.8,74.83,0,30,12.77777778,-1.65261445,-1.882794626,0.332204167
2011,6,3,0,0,0,3.3,72.34,0,21.66666667,3.333333333,-1.65261445,-1.882794626,0.406302083
2011,6,4,4.7,0,0,3.5,73.54,0,23.33333333,5.555555556,-1.65261445,-1.882794626,0.458636806
2011,6,5,0,0,0,3.7,70.8,0,24.44444444,10,-1.65261445,-1.882794626,0.793625
2011,6,6,0,0,0,4.5,67.61,0,28.33333333,8.333333333,-1.65261445,-1.882794626,0.507088194
2011,6,7,0,0,0,4.4,64.63,0,27.77777778,10.55555556,-1.65261445,-1.882794626,0.633448611
2011,6,8,0,0,0,4,62.03,0,26.11111111,13.33333333,4.435607598,16.75802679,0.721059028
2011,6,9,0.3,0,0,5,59.11,0,32.22222222,18.88888889,-3.181128106,-16.01535506,0.656745139
2011,6,10,12.8,0,0,5,66.91,0,31.66666667,14.44444444,-3.47740982,-11.28954345,0.737468056
2011,6,11,19,0,0,4.4,81.51,0,27.77777778,17.77777778,-3.47740982,-11.28954345,0.808870139
2011,6,12,0.8,0,0,4.4,78.55,0,27.77777778,15.55555556,-3.47740982,-11.28954345,0.829465972
2011,6,13,0,0,0,4.1,75.32,0,26.11111111,8.333333333,-3.47740982,-11.28954345,0.607640278
2011,6,14,0.5,0,0,3.3,73.19,0,21.66666667,7.777777778,-3.47740982,-11.28954345,0.5877375
2011,6,15,0,0,0,3.1,70.9,0,20.55555556,3.888888889,-3.47740982,-11.28954345,0.664774306
2011,6,16,12.3,0,0,4,79.2,0,25.55555556,10,-3.47740982,-11.28954345,0.634759028
2011,6,17,0,0,0,3.2,76.64,0,21.11111111,11.66666667,-3.47740982,-11.28954345,0.884738194
2011,6,18,0,0,0,3.9,73.63,0,25,11.66666667,-3.47740982,-11.28954345,0.723329167
2011,6,19,0,0,0,4.3,70.46,0,27.22222222,12.22222222,-3.47740982,-11.28954345,0.673177778
2011,6,20,1.7,0,0,4.3,68.6,0,27.22222222,15.55555556,-3.47740982,-11.28954345,0.5610625
2011,6,21,13.5,0,0,4.1,78,0,26.11111111,16.11111111,-3.47740982,-11.28954345,0.794370139
2011,6,22,0.1,0,0,4.6,74.49,0,28.88888889,18.88888889,-3.47740982,-11.28954345,0.777570833
2011,6,23,0.7,0,0,4.5,71.64,0,28.33333333,20,-3.47740982,-11.28954345,0.783811111
2011,6,24,3.2,0,0,4.2,70.91,0,26.66666667,15,-3.47740982,-11.28954345,0.817045833
2011,6,25,0,0,0,3.3,68.55,0,21.66666667,15,-3.47740982,-11.28954345,0.797289583
2011,6,26,0,0,0,3,66.47,0,20,11.66666667,-3.47740982,-11.28954345,0.748795833
2011,6,27,0,0,0,3.1,64.39,0,20.55555556,9.444444444,-3.47740982,-11.28954345,0.780465278
2011,6,28,0,0,0,4,61.8,0,26.11111111,13.88888889,-3.47740982,-11.28954345,0.782743056
2011,6,29,0,0,0,4.5,59.01,0,28.33333333,12.22222222,-3.47740982,-11.28954345,0.606213194
2011,6,30,0,0,0,3.6,56.87,0,23.88888889,8.333333333,-3.47740982,-11.28954345,0.627122917
2011,7,1,0,0,0,3.9,54.64,0,25.55555556,7.777777778,-3.47740982,-11.28954345,0.553811111
2011,7,2,0,0,0,4.3,52.29,0,27.77777778,7.777777778,-3.47740982,-11.28954345,0.545603472
2011,7,3,0,0,0,4.7,49.83,0,29.44444444,15,-3.47740982,-11.28954345,0.637246528
2011,7,4,0,0,0,4.7,47.48,0,29.44444444,13.88888889,-3.47740982,-11.28954345,0.607677778
2011,7,5,0,0,0,4.2,45.48,0,27.22222222,13.88888889,-1.621306055,-6.815490763,0.680895139
2011,7,6,0,0,0,4.6,43.38,0,29.44444444,11.66666667,-1.621306055,-6.815490763,0.508757639
2011,7,7,0,0,0,5,41.22,0,31.66666667,15,-1.621306055,-6.815490763,0.538946528
2011,7,8,1,0,0,4.7,39.68,0,30,17.22222222,-1.621306055,-6.815490763,0.809299306
2011,7,9,0,0,0,3.29,38.36,0,23.88888889,14.44444444,-1.621306055,-6.815490763,0.785283333
2011,7,10,0,0,0,3.9,36.86,0,30,12.22222222,-1.621306055,-6.815490763,0.498979167
2011,7,11,0,0,0,3.73,35.48,0,31.66666667,16.11111111,0.546702677,-10.48919818,0.585604167
2011,7,12,0,0,0,3.3,34.3,0,33.33333333,19.44444444,0.546702677,-10.48919818,0.616023611
2011,7,13,0,0,0,2.82,33.32,0,31.11111111,16.11111111,0.546702677,-10.48919818,0.596486111
2011,7,14,0,0,0,2.16,32.59,0,28.33333333,8.888888889,0.546702677,-10.48919818,0.511544444
2011,7,15,0,0,0,1.74,32.01,0,27.77777778,11.11111111,0.546702677,-10.48919818,0.504754167
2011,7,16,0,0,0,1.38,31.56,0,27.77777778,11.11111111,0.546702677,-10.48919818,0.533204861
2011,7,17,0,0,0,1.08,31.22,0,29.44444444,15.55555556,0.546702677,-10.48919818,0.552322222
2011,7,18,0,0,0,0.75,30.98,0,32.22222222,17.77777778,0.546702677,-10.48919818,0.561554861
2011,7,19,0,0,0,0.75,30.74,0,33.33333333,21.11111111,0.546702677,-10.48919818,0.668115278
2011,7,20,0,0,0,0.75,30.5,0,33.33333333,17.77777778,0.546702677,-10.48919818,0.616379167
2011,7,21,0,0,0,0.75,30.27,0,35,18.88888889,0.546702677,-10.48919818,0.610383333
2011,7,22,0,0,0,0.75,30.04,0,36.66666667,24.44444444,0.546702677,-10.48919818,0.555781944
2011,7,23,0,0,0,0.75,29.81,0,38.88888889,21.11111111,0.546702677,-10.48919818,0.440775
2011,7,24,0,0,0,0.75,29.58,0,33.88888889,22.77777778,0.546702677,-10.48919818,0.578545139
2011,7,25,20.3,0,0,0.75,49.13,0,33.33333333,19.44444444,0.546702677,-10.48919818,0.740710417
2011,7,26,0,0,4.17,0.74,46.72,0,31.66666667,14.44444444,0.546702677,-10.48919818,0.838252778
2011,7,27,0,0,3.91,0.69,44.57,0,30,10.55555556,0.546702677,-10.48919818,0.519697203
2011,7,28,22.2,0,3.83,0.68,62.27,0,29.44444444,15.55555556,0.546702677,-10.48919818,0.587846528
2011,7,29,0.4,0,2.89,0.51,60.38,0,23.88888889,18.33333333,0.546702677,-10.48919818,0.892382639
2011,7,30,0,0,4.17,0.74,57.42,0,31.66666667,17.77777778,0.546702677,-10.48919818,0.7110875
2011,7,31,0,0,4.08,0.72,54.66,0,31.11111111,11.11111111,0.546702677,-10.48919818,0.447925
2011,8,1,0.1,0,3.91,0.69,52.2,0,30.55555556,15.55555556,0.546702677,-10.48919818,0.619433333
2011,8,2,0,0,4,0.71,49.74,0,31.11111111,14.44444444,0.546702677,-10.48919818,0.666345833
2011,8,3,6.6,0,4,0.71,51.64,0,31.11111111,17.77777778,0.546702677,-10.48919818,0.603571528
2011,8,4,0,0,2.72,0.48,49.97,0,22.77777778,18.33333333,0.546702677,-10.48919818,0.888681944
2011,8,5,0,0,3.4,0.6,47.97,0,27.77777778,17.77777778,0.546702677,-10.48919818,0.793913194
2011,8,6,23.5,0,2.93,0.53,68.01,0,25,19.44444444,0.546702677,-10.48919818,0.792160417
2011,8,7,3.9,0,3.15,0.56,68.21,0,26.11111111,19.44444444,0.546702677,-10.48919818,0.920465278
2011,8,8,0,0,3.4,0.6,65.47,0,27.77777778,19.44444444,0.546702677,-10.48919818,0.718210417
2011,8,9,5.8,0,3.57,0.63,67.07,0,28.88888889,17.22222222,0.546702677,-10.48919818,0.829647917
2011,8,10,0,0,3.23,0.57,64.5,0,26.66666667,16.11111111,0.546702677,-10.48919818,0.682661111
2011,8,11,0,0,3.23,0.57,62.04,0,27.22222222,10,0.546702677,-10.48919818,0.604845139
2011,8,12,0,0,2.75,0.51,60,0,25,7.777777778,-6.868519831,-38.07656123,0.551285417
2011,8,13,1.9,0,2.48,0.56,59.31,0,26.66666667,12.22222222,-6.868519831,-38.07656123,0.675496528
2011,8,14,15.4,0,2.11,0.51,72.09,0,25,18.33333333,-6.868519831,-38.07656123,0.824516667
2011,8,15,3.3,0,2.98,0.53,71.94,0,25.55555556,15.55555556,-6.868519831,-38.07656123,0.846661111
2011,8,16,0.1,0,2.47,0.44,69.9,0,22.22222222,15,-6.841705722,-49.11746699,0.767475694
2011,8,17,0,0,3.23,0.57,67.23,0,27.22222222,10.55555556,-6.841705722,-49.11746699,0.63299375
2011,8,18,0,0,3.32,0.59,64.6,0,28.33333333,13.33333333,-6.841705722,-49.11746699,0.655279167
2011,8,19,5.2,0,3.32,0.59,65.9,0,28.33333333,13.88888889,-6.841705722,-49.11746699,0.66836875
2011,8,20,0,0,3.06,0.54,63.51,0,26.66666667,11.66666667,-6.841705722,-49.11746699,0.867384722
2011,8,21,0.3,0,3.32,0.59,61.2,0,28.33333333,15,-6.841705722,-49.11746699,0.703218056
2011,8,22,0,0,3,0.56,59.01,0,27.22222222,12.22222222,-6.841705722,-49.11746699,0.690052778
2011,8,23,0,0,1.92,0.44,57.61,0,22.77777778,7.222222222,-6.841705722,-49.11746699,0.577517361
2011,8,24,0,0,1.79,0.48,56.28,0,25,11.66666667,-6.841705722,-49.11746699,0.557289655
2011,8,25,5.3,0,1.53,0.5,59.55,0,25.55555556,17.77777778,-6.841705722,-49.11746699,0.653597917
2011,8,26,0,0,2.81,0.5,57.57,0,25.55555556,11.66666667,-6.841705722,-49.11746699,0.70941875
2011,8,27,2.2,0,2.89,0.51,56.87,0,26.11111111,14.44444444,-6.841705722,-49.11746699,0.7497
2011,8,28,23.7,0.05,2.81,0.5,77.21,0,25.55555556,15.55555556,-6.841705722,-49.11746699,0.820253472
2011,8,29,0,0,2.38,0.42,75.03,0,22.77777778,7.222222222,-6.841705722,-49.11746699,0.648365278
2011,8,30,0,0,2.21,0.39,73.05,0,21.66666667,7.222222222,-6.841705722,-49.11746699,0.681865278
2011,8,31,0,0,2.72,0.48,70.69,0,25.55555556,10,-8.032385758,-53.78921425,0.625204861
2011,9,1,2.1,0,2.64,0.47,69.97,0,25,12.22222222,-8.032385758,-53.78921425,0.709974306
2011,9,2,0,0,2.72,0.48,67.71,0,25.55555556,16.11111111,-8.032385758,-53.78921425,0.77240625
2011,9,3,0,0,2.64,0.47,65.59,0,25,17.77777778,-8.032385758,-53.78921425,0.812222222
2011,9,4,1.3,0,3.83,0.68,63.48,0,32.77777778,18.33333333,-8.032385758,-53.78921425,0.800470139
2011,9,5,24,0.13,3.23,0.57,83.54,0,29.44444444,17.77777778,-10.60715161,-75.73422771,0.843213889
2011,9,6,33.7,3.63,1.87,0.33,97.5,13.91,19.44444444,12.77777778,-6.409823142,-37.33683025,0.898430556
2011,9,7,55.4,20.36,1.28,0.23,97.5,33.54,14.44444444,12.22222222,-7.922096666,-49.90518507,0.910666667
2011,9,8,9.9,0.08,1.53,0.27,97.5,8.02,17.22222222,13.88888889,-4.183361953,-23.97958692,0.908054167
2011,9,9,1.3,0,1.96,0.35,96.51,0,21.11111111,16.66666667,-4.183361953,-23.97958692,0.89955625
2011,9,10,0.8,0,2.04,0.36,94.93,0,21.66666667,16.66666667,-4.183361953,-23.97958692,0.87753125
2011,9,11,2.6,0,2.3,0.41,94.84,0,23.88888889,12.22222222,-4.183361953,-23.97958692,0.843516667
2011,9,12,0,0,2.38,0.42,92.15,0,24.44444444,11.66666667,-4.183361953,-23.97958692,0.859543056
2011,9,13,0,0,2.4,0.44,89.51,0,25,13.33333333,-6.119415362,-36.38813603,0.799029167
2011,9,14,5.6,0,2.12,0.45,92.53,0,26.11111111,15.55555556,-6.119415362,-36.38813603,0.722449306
2011,9,15,7.1,0,2.38,0.42,96.83,0,25,11.11111111,-6.119415362,-36.38813603,0.80245625
2011,9,16,0,0,0.94,0.17,95.75,0,12.22222222,0,-6.119415362,-36.38813603,0.646272222
2011,9,17,0,0,1.28,0.23,94.29,0,16.11111111,2.222222222,-6.119415362,-36.38813603,0.728063889
2011,9,18,0,0,1.28,0.23,92.85,0,15.55555556,6.111111111,-6.512638818,-31.04201043,0.695140972
2011,9,19,7.8,0,1.45,0.26,97.5,1.45,17.77777778,4.444444444,-6.512638818,-31.04201043,0.706109722
2011,9,20,2,0,1.19,0.21,97.5,0.6,15.55555556,11.66666667,-6.512638818,-31.04201043,0.854377083
2011,9,21,0.1,0,1.96,0.35,95.32,0,22.22222222,13.33333333,-6.512638818,-31.04201043,0.856891667
2011,9,22,0,0,1.96,0.35,93.1,0,22.22222222,16.66666667,-7.243980293,-44.91056576,0.829869444
2011,9,23,11,0.03,2.13,0.38,97.5,4.08,23.88888889,12.77777778,-7.243980293,-44.91056576,0.849395833
2011,9,24,0,0,1.62,0.29,95.62,0,20,12.22222222,-7.243980293,-44.91056576,0.880352083
2011,9,25,0,0,1.96,0.35,93.39,0,22.77777778,12.77777778,-8.954492382,-55.90149214,0.785118056
2011,9,26,0,0,2.13,0.38,91.03,0,24.44444444,16.66666667,-8.954492382,-55.90149214,0.813319444
2011,9,27,43.2,9.26,2.02,0.39,97.5,25.05,25,18.33333333,-8.954492382,-55.90149214,0.811704167
2011,9,28,19.4,1.68,1.87,0.33,97.5,15.52,22.22222222,15.55555556,-8.954492382,-55.90149214,0.899447222
2011,9,29,3.8,0,1.79,0.32,97.5,1.7,21.66666667,12.77777778,-8.954492382,-55.90149214,0.892974306
2011,9,30,0.1,0,1.11,0.2,96.31,0,16.11111111,9.444444444,-15.71480374,-109.2829681,0.750922917
2011,10,1,8.9,0.04,0.94,0.17,97.5,6.57,14.44444444,6.111111111,-15.71480374,-109.2829681,0.768725694
2011,10,2,18.3,1.82,0.52,0.09,97.5,15.87,8.888888889,0,-15.71480374,-109.2829681,0.877909722
2011,10,3,1.8,0,0.37,0.07,97.5,1.36,6.666666667,0.555555556,-15.71480374,-109.2829681,0.889286111
2011,10,4,0.2,0,0.69,0.12,96.89,0,11.66666667,5,-15.71480374,-109.2829681,0.888603472
2011,10,5,0.1,0,0.94,0.17,95.9,0,14.44444444,6.666666667,-15.71480374,-109.2829681,0.714600694
2011,10,6,0,0,1.45,0.26,94.25,0,20,0,-15.71480374,-109.2829681,0.592575694
2011,10,7,0,0,1.45,0.26,92.62,0,20,1.111111111,-15.71480374,-109.2829681,0.705670833
2011,10,8,0,0,1.7,0.3,90.74,0,22.22222222,3.888888889,-15.71480374,-109.2829681,0.701557639
2011,10,9,0,0,1.84,0.36,88.72,0,25,5,-15.71480374,-109.2829681,0.7451
2011,10,10,0,0,1.88,0.42,86.65,0,27.77777778,6.666666667,-6.935321424,-41.54001925,0.727083333
2011,10,11,0,0,1.09,0.29,85.44,0,22.22222222,7.777777778,-6.935321424,-41.54001925,0.794743056
2011,10,12,15.2,0.21,0.93,0.27,97.5,1.73,21.11111111,8.333333333,-6.935321424,-41.54001925,0.7354625
2011,10,13,8.2,0.04,0.62,0.11,97.5,7.43,12.22222222,10.55555556,-16.40433323,-114.0814503,0.914104167
2011,10,14,12.4,0.42,0.94,0.17,97.5,10.88,16.11111111,12.22222222,-16.40433323,-114.0814503,0.905409722
2011,10,15,0,0,0.77,0.14,96.59,0,14.44444444,7.777777778,-16.40433323,-114.0814503,0.668141667
2011,10,16,2.7,0,0.63,0.11,97.5,1.05,12.77777778,7.222222222,-16.40433323,-114.0814503,0.397877083
2011,10,17,0.6,0,1.02,0.18,96.9,0,17.22222222,5.555555556,-16.40433323,-114.0814503,0.637205556
2011,10,18,0,0,0.84,0.15,95.92,0,15.55555556,5.555555556,-12.52986031,-89.79927937,0.301576389
2011,10,19,21.5,2.27,1.19,0.21,97.5,16.25,19.44444444,8.333333333,-12.52986031,-89.79927937,0.500013194
2011,10,20,0.8,0,1.11,0.2,97,0,18.33333333,6.666666667,-12.52986031,-89.79927937,0.825280556
2011,10,21,0,0,0.31,0.05,96.64,0,8.888888889,4.444444444,-12.52986031,-89.79927937,0.682653472
2011,10,22,0,0,0.2,0.04,96.41,0,7.222222222,4.444444444,-12.52986031,-89.79927937,0.747138889
2011,10,23,0,0,0.43,0.08,95.9,0,11.11111111,-1.666666667,-9.79164786,-67.66787842,0.7735875
2011,10,24,1.2,0,0.67,0.12,96.31,0,14.44444444,-0.555555556,-9.79164786,-67.66787842,0.645066667
2011,10,25,0,0,0.76,0.13,95.44,0,15.55555556,2.777777778,-3.222986086,-12.82754414,0.64734375
2011,10,26,0.8,0,0.7,0.12,95.42,0,15,3.333333333,-3.222986086,-12.82754414,0.563913194
2011,10,27,9.6,0.07,0.78,0.14,97.5,6.53,16.11111111,6.111111111,-19.08015663,-130.8392169,0.781073611
2011,10,28,0.2,0,0.27,0.05,97.38,0,9.444444444,-3.333333333,-16.0322158,-103.4873452,0.802897917
2011,10,29,16.4,1.44,0.04,0.01,97.5,14.79,5,-3.333333333,-18.9473003,-131.1747233,0.736863194
2011,10,30,0.2,0,0,0,97.5,0.2,1.111111111,-3.888888889,-18.9473003,-131.1747233,0.865129861
2011,10,31,0,0,0.07,0.01,97.41,0,6.111111111,-2.777777778,-18.9473003,-131.1747233,0.748020833
2011,11,1,0,0,0.04,0.01,97.36,0,5.555555556,-2.222222222,-18.9473003,-131.1747233,0.653549306
2011,11,2,0.1,0,0.41,0.07,96.98,0,12.22222222,-1.666666667,-18.9473003,-131.1747233,0.699260417
2011,11,3,0,0,0.62,0.11,96.26,0,15,-1.111111111,-18.9473003,-131.1747233,0.655009028
2011,11,4,0,0,0.81,0.14,95.33,0,17.22222222,2.222222222,-18.9473003,-131.1747233,0.557648611
2011,11,5,0,0,0.24,0.04,95.05,0,10,-5.555555556,-18.9473003,-131.1747233,0.498102778
2011,11,6,0,0,0.17,0.03,94.86,0,8.888888889,-5.555555556,-18.9473003,-131.1747233,0.452546528
2011,11,7,0.1,0,0.33,0.06,94.58,0,11.66666667,-0.555555556,-18.9473003,-131.1747233,0.675890972
2011,11,8,0.1,0,0.85,0.15,93.71,0,18.33333333,2.222222222,-18.9473003,-131.1747233,0.612209722
2011,11,9,0.1,0,0.94,0.17,92.75,0,19.44444444,3.333333333,-3.77610172,-16.17361443,0.536457639
2011,11,10,2.2,0,0.7,0.12,94.13,0,16.66666667,4.444444444,-3.77610172,-16.17361443,0.5641125
2011,11,11,0.1,0,0,0,94.23,0,5,-2.222222222,-3.77610172,-16.17361443,0.611684028
2011,11,12,0,0,0,0,94.23,0,3.888888889,-1.111111111,-3.77610172,-16.17361443,0.620867361
2011,11,13,0,0,0.44,0.08,93.73,0,13.88888889,1.111111111,-6.322017299,-32.60025509,0.417373611
2011,11,14,0.4,0,0.57,0.1,93.47,0,15.55555556,11.11111111,-9.553051,-65.72300236,0.467125
2011,11,15,6.4,0,0.94,0.17,97.5,1.27,19.44444444,11.11111111,-9.553051,-65.72300236,0.759641667
2011,11,16,8.6,0.09,0.23,0.04,97.5,8.24,11.11111111,9.444444444,-9.553051,-65.72300236,0.930388889
2011,11,17,0,0,0.26,0.05,97.19,0,11.66666667,0,-9.553051,-65.72300236,0.706965972
2011,11,18,0,0,0,0,97.19,0,3.333333333,-5,-9.553051,-65.72300236,0.504902083
2011,11,19,0,0,0,0,97.19,0,4.444444444,-5,-3.370972472,-15.18942457,0.367807639
2011,11,20,0.8,0,0.32,0.06,97.5,0.11,12.77777778,1.111111111,-7.374168859,-40.69062746,0.408115972
2011,11,21,4.7,0,0.53,0.09,97.5,4.08,15.55555556,5.555555556,-7.374168859,-40.69062746,0.778565278
2011,11,22,47.2,16.03,0,0,97.5,31.17,6.111111111,2.222222222,-7.374168859,-40.69062746,0.897209722
2011,11,23,8.6,0.1,0.16,0.03,97.5,8.31,10.55555556,2.777777778,-7.374168859,-40.69062746,0.915507639
2011,11,24,0,0,0.15,0.03,97.32,0,10.55555556,-1.111111111,-7.374168859,-40.69062746,0.727021528
2011,11,25,0,0,0.03,0.01,97.29,0,8.333333333,0,-7.374168859,-40.69062746,0.64639375
2011,11,26,0,0,0.33,0.06,96.9,0,13.33333333,1.111111111,-7.374168859,-40.69062746,0.399175694
2011,11,27,0.3,0,0.54,0.1,96.56,0,16.11111111,8.333333333,-7.374168859,-40.69062746,0.538504861
2011,11,28,0,0,0.45,0.08,96.04,0,15,9.444444444,-7.374168859,-40.69062746,0.6343125
2011,11,29,12.5,0.4,0.64,0.11,97.5,9.89,17.22222222,12.22222222,-7.374168859,-40.69062746,0.728027083
2011,11,30,0.7,0,0.4,0.07,97.5,0.23,14.44444444,0,-7.374168859,-40.69062746,0.82026875
2011,12,1,0,0,0,0,97.5,0,4.444444444,-2.222222222,-7.374168859,-40.69062746,0.678620139
2011,12,2,0,0,0,0,97.5,0,6.111111111,-5,-7.374168859,-40.69062746,0.685843056
2011,12,3,0,0,0,0,97.5,0,6.111111111,-6.111111111,-7.374168859,-40.69062746,0.722195139
2011,12,4,0,0,0,0,97.5,0,5,-6.666666667,0.659874971,18.50143028,0.616189583
2011,12,5,1.1,0,0.12,0.02,97.5,0.96,10.55555556,1.666666667,-2.072973579,-4.064051197,0.664585417
2011,12,6,3.9,0,0.22,0.04,97.5,3.64,12.22222222,7.222222222,-6.415746887,-44.50799735,0.795443056
2011,12,7,33.5,8.1,0.22,0.04,97.5,25.14,12.22222222,4.444444444,-6.415746887,-44.50799735,0.914951389
2011,12,8,0,0,0,0,97.5,0,5,-2.777777778,-6.415746887,-44.50799735,0.778538889
2011,12,9,0,0,0,0,97.5,0,-0.555555556,-4.444444444,-6.415746887,-44.50799735,0.7666375
2011,12,10,0,0,0,0,97.5,0,3.888888889,-2.777777778,-6.415746887,-44.50799735,0.596313889
2011,12,11,0.1,0,0,0,97.5,0.1,0,-11.66666667,-6.415746887,-44.50799735,0.596483333
2011,12,12,0,0,0,0,97.5,0,2.222222222,-11.11111111,-6.415746887,-44.50799735,0.550538194
2011,12,13,0,0,0,0,97.5,0,5.555555556,-7.777777778,-7.307322067,-60.25106236,0.663531944
2011,12,14,1.3,0,0,0,97.5,1.3,6.666666667,-7.222222222,-3.669235332,-18.66792717,0.556711806
2011,12,15,2.9,0,0,0,97.5,2.9,7.222222222,0.555555556,-3.669235332,-18.66792717,0.647738889
2011,12,16,0,0,0.21,0.14,97.16,0,12.77777778,0.555555556,-3.669235332,-18.66792717,0.658477083
2011,12,17,0,0,0,0,97.16,0,2.222222222,-1.666666667,-3.669235332,-18.66792717,0.588078472
2011,12,18,0,0,0,0,97.16,0,-1.111111111,-5.555555556,-3.669235332,-18.66792717,0.777220139
2011,12,19,0.5,0,0,0,97.5,0.16,1.111111111,-5,-3.669235332,-18.66792717,0.721906944
2011,12,20,4.7,0,0,0,97.5,4.7,6.111111111,0.555555556,-3.669235332,-18.66792717,0.7184875
2011,12,21,16,1.37,0,0,97.5,14.63,6.666666667,0.555555556,-3.669235332,-18.66792717,0.92025
2011,12,22,5.9,0,0.1,0.06,97.5,5.74,10.55555556,5,-3.669235332,-18.66792717,0.782540972
2011,12,23,6.5,0.01,0,0,97.5,6.49,8.333333333,1.666666667,-3.669235332,-18.66792717,0.766826389
2011,12,24,0,0,0,0,97.5,0,2.777777778,-2.777777778,-3.669235332,-18.66792717,0.630019444
2011,12,25,0.1,0,0,0,97.5,0.1,0.555555556,-3.888888889,-3.669235332,-18.66792717,0.639249306
2011,12,26,0,0,0,0,97.5,0,6.666666667,-1.666666667,-3.669235332,-18.66792717,0.553402083
2011,12,27,16.9,1.6,0,0,97.5,15.3,2.222222222,-2.777777778,-3.669235332,-18.66792717,0.625043056
2011,12,28,1,0,0,0,97.5,1,3.333333333,-1.111111111,-3.669235332,-18.66792717,0.81405
2011,12,29,0,0,0,0,97.5,0,-1.111111111,-11.11111111,-3.669235332,-18.66792717,0.631452778
2011,12,30,0.4,0,0,0,97.5,0.4,3.333333333,-10,-3.669235332,-18.66792717,0.850192361
2011,12,31,0.6,0,0,0,97.5,0.6,7.222222222,2.777777778,-3.669235332,-18.66792717,0.765129167
2012,1,1,0.51,0,0,0,97.5,0.51,5.555555556,2.222222222,-3.669235332,-18.66792717,0.783416667
